Feature ID	Capt_S01	L227_5C_S0	Consensus.Lineage	ReprSequence
7c68d8dbc11cd35d0d5cd1b0ca385aee	2568	0	D_0__Bacteria;D_1__Chloroflexi;D_2__Ktedonobacteria;D_3__C0119	TACGTAGGGTGCAAGCGTTGTCCGGATTTACTGGGCGTAAAGGGCGCGCAGGCGGCTTGTTAAGTTACTCGTGAAAGCCCCCGGCTAAACCGGGGAGGGTCGAGTGATACTGGCAGGCTAAGAGAGCAGCAGAGGATAGTGGAATTCCCGGTGTAGTGGTGAAATGCGTAGATATCGGGAGGAACACCAGTGGCGAAAGCGACTATCTGGGCTGTGTCTGACGCTGAGGCGCGAAGGCTAGGGGAGCAAACAGGATTAGATACCCTGGTAGTCCTAGCAGTAAACGATGAACACTAGGTGTGCGGGGAAATTGACCCCCTGCGTGCCGTAGCTAACGCAATAAGTGTTCCGCCTGGGGAGTACGGTCGCAAGATTA
5ac17c3f3aab845aadbf70d31c6662dd	0	1873	D_0__Bacteria	TACGTAGGATGCAAGCGTTGTCCGGAATTATTGGGCGTAAAGGGCGTGCAGGCGGTCTACTAAGTTAGACGTGAAATTCCCCGGCTTAACCGGGGCGGGTCGTCTAAAACTGGTAAACTAGAGTACAGGAGAGGAAAGCGGAATTCCCGGTGTAGTGGTGAAATGCGTAGATATCGGGAGGAACACCAGAGGCGAAAGCGGCTTTCTGGCCTGTAACTGACGCTGAGGCGCGAAGGCTGGGGGAGCGAACAGGATTAGATACCCTGGTAGTCCCAGCAGTAAACGATGGACACTAGGTGTGCGGGGAAATTGACCCCCTGCGTGCCGTAGCTAACGCAATAAGTGTCCCGCCTGGGGAGTACGGTCGCAAGATTA
938c3ce24d23d549747c71f2f035b8fa	838	0	D_0__Bacteria;D_1__Proteobacteria;D_2__Deltaproteobacteria;D_3__Desulfuromonadales;D_4__Geobacteraceae;D_5__Geobacter;D_6__uncultured delta proteobacterium	TACGGGGGGTGCAAGCGTTGTTCGGATTTATTGGGCGTAAAGCGCGTGTAGGCGGTTTTGTAAGTCTGATGTGAAAGCCCTGGGCTCAACCCGGGAAGTGCATTGGATACTGTAAGACTTGAATACGGGAGAGGGCAGTGGAATTCCTAGTGTAGGAGTGAAATCCGTAGATATTAGGAGGAACACCGGTGGCGAAGGCGGCTGCCTGGACCGATATTGACGCTGAGACGCGAAAGCGTGGGTAGCAAACAGGATTAGATACCCTGGTAGTCCACGCCGTAAACGATGAGAACTAGGTGTTGCGGGTATTGACCCCTGCAGTGCCGTAGCTAACGCATTAAGTTCTCCGCCTGGGAAGTACGGTCGCAAGACTA
18d7f32dff6e0e375fee0e818df400f9	658	0	D_0__Bacteria;D_1__Bacteroidetes;D_2__Bacteroidia;D_3__Sphingobacteriales;D_4__KD1-131;D_5__uncultured bacterium;D_6__uncultured bacterium	TACGGAGGATGCAAGCGTTATCCGGATTCATTGGGTTTAAAGGGTGCGCAGGCGGATTGGTAAGTCAGTGGTGAAATTCTAGTGCTTAACATTAGACCTGCCATTGATACTGTCAGTCTAGAGTATAGTTGGAGTGGGCGGAATGTGTCATGTAGCGGTGAAATGCTTAGATATGACACAGAACACCGATCGCGAAGGCAGCTCACTAAACTAAAACTGACGCTCATGCACGAAAGCGTGGGGATCAAACAGGATTAGATACCCTGGTAGTCCACGCTGTAAACGATGATTACTCGATGTTGGCGATACACAGTCAGCGTCTGAACGAAAGTATTAAGTAATCCACCTGGGGAGTACGTTCGCAAGGATG
a437ded863434eb7c8d5f71c09e8504a	23	657	D_0__Bacteria;D_1__Proteobacteria;D_2__Deltaproteobacteria;D_3__Desulfuromonadales;D_4__Geobacteraceae;D_5__Geobacter	TACGGGGGGTGCAAGCGTTGTTCGGAATTATTGGGCGTAAAGCGCGTGTAGGCGGTTTGTTAAGTCTGATGTGAAAGCCCTGGGCTCAACCCAGGAAGTGCATTGGATACTGGCAGACTTGAATACGGGAGAGGGTAGTGGAATTCCTGGTGTAGGAGTGAAATCCGTAGATATCAGGAGGAACACCGGTGGCGAAGGCGGCTACCTGGACCGATATTGACGCTGAGACGCGAAAGCGTGGGTAGCAAACAGGATTAGATACCCTGGTAGTCCACGCCGTAAACGATGAGTACTAGGTGTTGCGGGTATTGACCCCTGCAGTGCCGCAGCTAACGCATTAAGTACTCCGCCTGGGAAGTACGGTCGCAAGACTA
c555979e6994619c4c7e3f2d0f156f4a	569	0	D_0__Bacteria;D_1__Proteobacteria;D_2__Deltaproteobacteria;D_3__Desulfuromonadales;D_4__Geobacteraceae;D_5__Geobacter	TACGGGGGGTGCAAGCGTTGTTCGGATTTATTGGGCGTAAAGCGCGTGTAGGCGGTTTTATAAGTCTGATGTGAAAGCCCTGGGCTCAACCCGGGAAGTGCATTGGATACTGTAAGACTTGAATACGGGAGAGGGCAGTGGAATTCCTAGTGTAGGAGTGAAATCCGTAGATATTAGGAGGAACACCGGTGGCGAAGGCGGCTGCCTGGACCGATATTGACGCTGAGACGCGAAAGCGTGGGTAGCAAACAGGATTAGATACCCTGGTAGTCCACGCCGTAAACGATGAGAACTAGGTGTTGCGGGTATTGACCCCTGCAGTGCCGTAGCTAACGCATTAAGTTCTCCGCCTGGGAAGTACGGTCGCAAGACTA
c477d06d44d2489a84635c31c359810b	0	519	D_0__Bacteria;D_1__Bacteroidetes;D_2__Bacteroidia;D_3__Sphingobacteriales;D_4__Lentimicrobiaceae;D_5__uncultured bacterium;D_6__uncultured bacterium	TACGGAGGATGCAAGCGTTATCCGGATTCATTGGGTTTAAAGGGTGCGCAGGCGGAGTGATAAGTCAGTGGTGAAAGCCTACAGCTTAACTGTAGAACTGCCATTGATACTGTCATTCTTGAGTATTGTTGAGGTAGGCGGAATGTGTCATGTAGCGGTGAAATGCTTAGATATGACACAGAACACCGATCGCGAAGGCAGCTTACCAAGCAATAACTGACGCTCATGCACGAAAGCGTGGGGATCAAACAGGATTAGATACCCTGGTAGTCCACGCCGTAAACGATGATCACTCGATGTTGGCGATACACAGTCAGCGTCTTAGGGAAACTATTAAGTGATCCACCTGGGGAGTACGGTCGCAAGATTG
d7a88ff7fac3b2d03003407dbfb7ac94	0	327	D_0__Bacteria;D_1__Bacteroidetes;D_2__Bacteroidia;D_3__Sphingobacteriales;D_4__Lentimicrobiaceae;Ambiguous_taxa;Ambiguous_taxa	TACGGAGGATGCAAGCGTTATCCGGATTCATTGGGTTTAAAGGGTGCGCAGGCGGAATAATAAGTCAGTGGTGAAAGCCTACAGCTTAACTGTAGAACTGCCATTGATACTGTCATTCTTGAGTGTTGTTGAGGTAGGCGGAATGTGTCATGTAGCGGTGAAATGCTTAGATATGACACAGAACACCGATCGCGAAGGCAGCTTACCAAGCAACAACTGACGCTCATGCACGAAAGCGTGGGGATCAAACAGGATTAGATACCCTGGTAGTCCACGCCGTAAACGATGATCACTCGATGTTGGCGATACACAGTCAGCGTCTTAGGGAAACTATTAAGTGATCCACCTGGGGAGTACGGTCGCAAGATTG
f6dfde49bce18553ab2398e77ec6cc93	0	298	D_0__Bacteria;D_1__Bacteroidetes;D_2__Bacteroidia;D_3__Sphingobacteriales;D_4__S15A-MN91;D_5__uncultured bacterium;D_6__uncultured bacterium	TACGGAGGATCCAAGCGTTATCCGGATTTATTGGGTTTAAAGGGTGCGTAGGCGGAATAATAAGTCAGTGGTGAAAGCCTACAGCTTAACTGTAGAACTGCCATTGATACTGTTAATCTTGAGTATATTTGAAGTGGGCGGAATGTGTCATGTAGCGGTGAAATGCTTAGATATGACACAGAACTCCGATAGCGAAGGCAGCTCACTAAACTATAACTGACGCTGAGGCACGAAAGCGTGGGGATCAAACAGGATTAGATACCCTGGTAGTCCACGCTGTAAACGATGATTACTCGATGTGTGCGATACACTGTACGCGTCTGAACGAAAGTATTAAGTAATCCACCTGGGGAGTACGACCGCAAGGTTG
4224613991d5b96264c9cb64bf134474	266	0	D_0__Bacteria;D_1__Bacteroidetes;D_2__Bacteroidia;D_3__Sphingobacteriales;D_4__Lentimicrobiaceae	TACGGAGGATGCAAGCGTTATCCGGATTCATTGGGTTTAAAGGGTGCGCAGGCGGAGTGATAAGTCAGTGGTGAAATCCTACGGCTCAACTGTAGAACTGCCATTGATACTGTCATTCTTGAGTACTGTTGAGGTGGGCGGAATGTGTCATGTAGCGGTGAAATGCTTAGATATGACACAGAACACCGATCGCGAAGGCAGCTCACCAAGCAGAAACTGACGCTCATGCACGAAAGCGTGGGGATCAAACAGGATTAGATACCCTGGTAGTCCACGCTGTAAACGATGATCACTCGATGTTGGCGATACACTGTCAGCGTCTTAGCGAAAGTATTAAGTGATCCACCTGGGGAGTACGGTCGCAAGATTG
40a3521f27ad6fd3ee144e5cc8f3f6dd	0	248	D_0__Bacteria;D_1__Proteobacteria;D_2__Alphaproteobacteria;D_3__Rhizobiales;D_4__Xanthobacteraceae;D_5__Rhodoplanes;Ambiguous_taxa	TACGAAGGGGGCTAGCGTTGCTCGGAATCACTGGGCGTAAAGCGCACGTAGGCGGCTTTCTAAGTCAGGGGTGAAATCCCGGAGCTCAACTCCGGAACTGCCCTTGATACTGGAGAGCTCGAGTCCGGGAGAGGTGAGTGGAACTGCGAGTGTAGAGGTGAAATTCGTAGATATTCGCAAGAACACCAGTGGCGAAGGCGGCTCACTGGCCCGGTACTGACGCTGAGGTGCGAAAGCGTGGGGAGCAAACAGGATTAGATACCCTGGTAGTCCACGCCGTAAACGATGGATGCTAGCCGTTGGGCAGCTTGCTGCTCAGTGGCGCCGCTAACGCTTTAAGCATCCCGCCTGGGGAGTACGGTCGCAAGATTA
0212113e82c0a779ba9a40043977ef5a	0	247	D_0__Bacteria;D_1__Bacteroidetes;D_2__Bacteroidia;D_3__Bacteroidales;D_4__Prolixibacteraceae;D_5__BSV13	TACGGAGGGTGCAAGCGTTATCCGGATTTATTGGGTTTAAAGGGTGCGTAGGCGGTAAAATAAGTCAGTGGTGAAAAGCTGCAGCTCAACTGTAGTCCTGCCATTGAAACTGTTTTACTTGAGTAACCATGAGGTAGGCGGAATGTGTAGTGTAGCGGTGAAATGCTTAGATATTACACAGAACACCGATTGCGTAGGCAGCTTACTAGCGGTTCACTGACGCTGATGCACGAAAGCGTGGGGATCAAACAGGATTAGATACCCTGGTAGTCCACGCCGTAAACGATGATAACTCGCTGTTGGCGATACACAGTCAGCGGCTTAGCGAAAGCGTTAAGTTATCCACCTGGGGAGTACGCTCGCAAGAGTG
258ca5992a1b39604781b94085b9c01f	0	172	D_0__Bacteria;D_1__Proteobacteria;D_2__Gammaproteobacteria;D_3__Betaproteobacteriales;D_4__Rhodocyclaceae;D_5__Ferribacterium	TACGTAGGGTGCGAGCGTTAATCGGAATTACTGGGCGTAAAGCGTGCGCAGGCGGTTTGTTAAGATAGGCGTGAAATCCCCGGGCTCAACCTGGGAACTGCGTTTATGACTGGCAGGCTAGAGTATGGCAGAGGGGGGTGGAATTCCACGTGTAGCAGTGAAATGCGTAGAGATGTGGAGGAACACCGATGGCGAAGGCAGCCCCCTGGGCCAATACTGACGCTCATGCACGAAAGCGTGGGTAGCAAACAGGATTAGATACCCTGGTAGTCCACGCCCTAAACGATGTCAACTAGGTGTTGGGAGGGTAAAACCTTTTAGTACCGGAGCTAACGCGTGAAGTTGACCGCCTGGGGAGTACGGCCGCAAGGTTA
a0dd5e2c4d1e2193ab4f0e04316a0267	140	0	D_0__Bacteria;D_1__Proteobacteria;D_2__Alphaproteobacteria;D_3__Rhizobiales;D_4__Xanthobacteraceae	TACGAAGGGGGCTAGCGTTGCTCGGAATCACTGGGCGTAAAGGGTGCGTAGGCGGGTTTTTAAGTCAGAGGTGAAATCCTGGAGCTCAACTCCAGAACTGCCTTTGATACTGAAAGTCTTGAGTACGGGAGAGGTGAGTGGAACTGCGAGTGTAGAGGTGAAATTCGTAGATATTCGCAAGAACACCAGTGGCGAAGGCGGCTCACTGGCCCGTAACTGACGCTGAGGCACGAAAGCGTGGGGAGCAAACAGGATTAGATACCCTGGTAGTCCACGCCGTAAACGATGAATGCCAGCCGTTAGTGGGTTTACTCACTAGTGGCGCAGCTAACGCTTTAAGCATTCCGCCTGGGGAGTACGGTCGCAAGATTA
f85299dab3d000cc3c873e639f48dcc3	0	156	D_0__Bacteria;D_1__Proteobacteria;D_2__Gammaproteobacteria;D_3__Betaproteobacteriales;D_4__Rhodocyclaceae;D_5__Dechloromonas;D_6__uncultured bacterium	TACGTAGGGTGCGAGCGTTAATCGGAATTACTGGGCGTAAAGCGTGCGCAGGCGGTTTGATAAGACAGGCGTGAAATCCCCGGGCTCAACCTGGGAACTGCGTTTGTGACTGTCTCACTAGAGTACGGCAGAGGGGGGTGGAATTCCACGTGTAGCAGTGAAATGCGTAGAGATGTGGAGGAACACCAATGGCGAAGGCAGCCCCCTGGGTCGATACTGACGCTCATGCACGAAAGCGTGGGTAGCAAACAGGATTAGATACCCTGGTAGTCCACGCCCTAAACGATGTCAACTAGGTGTTGGGAGGGTAAAACCTTTTAGTACCGGAGCTAACGCGTGAAGTTGACCGCCTGGGGAGTACGGCCGCAAGGTTA
050b591c7d17f7994b6ecce38fb235a2	0	148	D_0__Bacteria;D_1__Bacteroidetes;D_2__Bacteroidia;D_3__Bacteroidales;D_4__Prolixibacteraceae;D_5__BSV13;D_6__uncultured bacterium	TACGGAGGGTGCAAGCGTTATCCGGATTTATTGGGTTTAAAGGGTGCGTAGGCGGTAAAATAAGTCAGTGGTGAAAAGCTGCAGCTCAACTGTAGTCCTGCCATTGAAACTGTTTTACTTGAGTAACCATGAGGTAGGCGGAATGTGTAGTGTAGCGGTGAAATGCTTAGATATTACACAGAACACCGATTGCGTAGGCAGCTTACTAGAGGTTCACTGACGCTGATGCACGAAAGCGTGGGGATCAAACAGGATTAGATACCCTGGTAGTCCACGCCGTAAACGATGATAACTCGCTGTTGGCGATACACAGTCAGCGGCTTAGCGAAAGCGTTAAGTTATCCACCTGGGGAGTACGCTCGCAAGAGTG
8098dbdb0a6d573f5cfb3186ff3c0252	0	129	D_0__Bacteria;D_1__Bacteroidetes;D_2__Bacteroidia;D_3__Bacteroidales;D_4__Paludibacteraceae;D_5__Paludibacter;Ambiguous_taxa	TACGGAGGATCCAAGCGTTATCCGGATTTATTGGGTTTAAAGGGTGCGTAGGCGGACCCTTAAGTCAGTGGTGAAAGTTTGCGGCTCAACCGTAAAATTGCCATTGAAACTGAGGGTCTTGAGTGTAAATGAGGTAGGCGGAATGTGTTGTGTAGCGGTGAAATGCTTAGATATAACACAGAACACCAATTGCGAAGGCAGCTTACTGGGATACAACTGACGCTGAGGCACGAAAGCGTGGGGATCAAACAGGATTAGATACCCTGGTAGTCCACGCAGTAAACGATGAATACTAGCTGTATGCGATATACTGTATGTGGCAAAGCGAAAGCGTTAAGTATTCCACCTGGGGAGTACGTTCGCAAGAATG
689e5548c35a33fbe9132e985f09b3b4	96	0	D_0__Bacteria;D_1__Proteobacteria;D_2__Deltaproteobacteria;D_3__Desulfuromonadales;D_4__Geobacteraceae;D_5__Geobacter	TACGGGGGGTGCAAGCGTTGTTCGGATTTATTGGGCGTAAAGAGCGTGTAGGCGGTTTGTTAAGTCTGATGTGAAAGCCCTGGGCTCAACCCAGGAAGTGCATTGGAAACTGGCAGACTTGAATACGGGAGAGGGCAGTGGAATTCCTAGTGTAGGAGTGAAATCCGTAGATATTAGGAGGAACACCGGTGGCGAAGGCGGCTGCCTGGACCGATATTGACGCTGAGACGCGAAAGCGTGGGTAGCAAACAGGATTAGATACCCTGGTAGTCCACGCCGTAAACGATGAGAACTAGGTGTTGCGGGTATTGACCCCTGCAGTGCCGTAGCTAACGCATTAAGTTCTCCGCCTGGGAAGTACGGTCGCAAGACTA
84636a5b9388e76f7e116713bbe7fa05	0	101	D_0__Bacteria;D_1__Bacteroidetes;D_2__Bacteroidia;D_3__Sphingobacteriales;D_4__Lentimicrobiaceae;Ambiguous_taxa;Ambiguous_taxa	TACGGAGGATCCTAGCGTTATCCGGATTTATTGGGTTTAAAGGGTGCGCAGGCGGAATTATAAGTCAGTGGTGAAATCCTGCAGCTTAACTGCAGAACTGCCATTGATACTGTTATTCTTGAGTATATTTGAAGTGGGCGGAATGTGTCATGTAGCGGTGAAATGCTTAGATATGACACAGAACACCAATTGCGAAGGCAGCTCACTAAACTATAACTGACGCTCATGCACGAAAGCGTGGGGATCAAACAGGATTAGATACCCTGGTAGTCCACGCCGTAAACGATGATTACTCGATGTTGGCGATACACAGTCAGCGTCTAAGCGAAAGCAATAAGTAATCCACCTGGGGAGTACGATCGCAAGGTTG
dc3893119efa55420b9f99f2eced004a	0	100	D_0__Bacteria;D_1__Kiritimatiellaeota;D_2__Kiritimatiellae;D_3__WCHB1-41;D_4__uncultured Verrucomicrobia bacterium;D_5__uncultured Verrucomicrobia bacterium;D_6__uncultured Verrucomicrobia bacterium	TACAGAGGTGGCAAGCGTTGTTCGGATTTACTGGGCGTAAAGGGTGCGTAGGTGGTATTGTGTGTCGGGCGTAAAAGTTCACCGCTCAACGGTGAAAGGCCGTCCGAAACTACAAAACTAGAGTGCAGGAGAGGAGAGCGGAATACTTGGTGTAGCGGTGGAATGCGTTGAGATCAAGTAGAACACCGGTGGCGTAGGCGGCTCTCTGGAATGTAACTGACACTGAGGCACGAAAGTTGGGGGAGCAAACAGGATTAGATACCCTGGTAGTCCCAACCCTAAACGGTGTACACTTGTTGTAGGGGGAATTGACCCCCCCTGTGACGGAGCTAACGCGTTAAGTGTACCGCCTGGGGAGTACGGTCGCAAGATTA
a0c6e14c795af6d7770e0a120a9a1399	0	94	D_0__Bacteria;D_1__Kiritimatiellaeota;D_2__Kiritimatiellae;D_3__WCHB1-41;D_4__uncultured Verrucomicrobia bacterium;D_5__uncultured Verrucomicrobia bacterium;D_6__uncultured Verrucomicrobia bacterium	TACAGAGGTGGCAAGCGTTGTTCGGATTTACTGGGCGTAAAGGGTGCGTAGGTGGTATGGTATGTCGGGCGTGAAAGCTCACCGCTCAACGGTGAAATGTCGTCCGAAACTACCAAACTAGAGTGCAGGAGAGGAGAGCGGAATACTTGGTGTAGCGGTGGAATGCGTTGAGATCAAGTAGAACACCGGTGGCGTAGGCGGCTCTCTGGAATGTAACTGACACTGAGGCACGAAAGTTGGGGGAGCAAACAGGATTAGATACCCTGGTAGTCCCAACCCTAAACGGTGTACACTTGTTGTAGGGGGAATTGACCCCCCCTGTGACGGAGCTAACGCGTTAAGTGTACCGCCTGGGGAGTACGGTCGCAAGATTA
5493a580b834be836dd37572845e6957	79	0	D_0__Bacteria;D_1__Proteobacteria;D_2__Gammaproteobacteria;D_3__Betaproteobacteriales;D_4__Rhodocyclaceae;D_5__Sulfuritalea;Ambiguous_taxa	TACGTAGGGTGCGAGCGTTAATCGGAATTACTGGGCGTAAAGCGTGCGCAGGCGGTTTTGTAAGACAGATGTGAAATCCCCGGGCTCAACCTGGGAACTGCGTTTGTGACTGCAAGACTTGAGTGTGGCAGAGGGGGGTGGAATTCCACGTGTAGCAGTGAAATGCGTAGAGATGTGGAGGAACACCGATGGCGAAGGCAGCCCCCTGGGTCAACACTGACGCTCATGCACGAAAGCGTGGGTAGCAAACAGGATTAGATACCCTGGTAGTCCACGCCCTAAACGATGCGAACTAGGTGTTGGGGAAGGAGACTTTCTTAGTACCGCAGCTAACGCGTGAAGTTCGCCGCCTGGGGAGTACGGTCGCAAGATTA
252101f25169f3df759d5dd63f9612e7	0	72	D_0__Bacteria;D_1__Bacteroidetes;D_2__Bacteroidia;D_3__Bacteroidales;D_4__Prolixibacteraceae;D_5__BSV13;D_6__uncultured bacterium	TACGGAGGGTGCAAGCGTTATCCGGATTTATTGGGTTTAAAGGGTGCGTAGGCGGTAAAATAAGTCAGTGGTGAAAAGCTGCAGCTCAACTGTAGTCCTGCCATTGAAACTGTCTTACTTGAGTAACCATGAGGTAGGCGGAATGTGTAGTGTAGCGGTGAAATGCTTAGATATTACACAGAACACCGATTGCGTAGGCAGCTTACTAGAGGTTCACTGACGCTGATGCACGAAAGCGTGGGGATCAAACAGGATTAGATACCCTGGTAGTCCACGCCGTAAACGATGATAACTCGCTGTTGGCGATACACAGTCAGCGGCTTAGCGAAAGCGTTAAGTTATCCACCTGGGGAGTACGCTCGCAAGAGTG
dcc292e7c1e70f87b123fd477760a297	0	65	D_0__Bacteria;D_1__Chloroflexi;D_2__Anaerolineae;D_3__Anaerolineales;D_4__Anaerolineaceae;D_5__uncultured	AACGTAGGAGGCGAGCGTTATCCGGATTTACTGGGCGTAAAGCGTGTGTAGGCGGTACGGCAAGTTGGATGTGAAAGCTCCTGGCTTAACTAGGAGAGGTCGTTCAATACTACCGAACTTGAGGGCATCAGAGGAAGGTGGAATTCCCGGTGTAGTGGTGAAATGCGTAGATATCGGGAGGAACACCAGTGGCGAAAGCGGCCTTCTGGGATGATCCTGACGCTCAGACACGAAAGCTAGGGTAGCGAACGGGATTAGAGACCCCGGTAGTCCTAGCAGTAAACGATGTAGACTTGGTGTCGGAGGTGTCAAAACCTTCGGTATCGTAGCTAACGCGATAAGTCTACCGCCTGGGGACTACGGCCGCAAGGTTA
df1e0a55b7b186ec1dd822c844a89a6b	0	65	D_0__Bacteria;D_1__Bacteroidetes;D_2__Bacteroidia;D_3__Bacteroidales;D_4__Prolixibacteraceae;D_5__BSV13;D_6__uncultured bacterium	TACGGAGGGTGCAAGCGTTATCCGGATTTATTGGGTTTAAAGGGTGCGTAGGCGGTGAAATAAGTCAGTGGTGAAAAGCTGCAGCTCAACTGTAGTCCTGCCATTGAAACTGTTTTACTTGAGTAACCATGAGGTAGGCGGAATGTGTAGTGTAGCGGTGAAATGCTTAGATATTACACAGAACACCGATTGCGTAGGCAGCTTACTAGAGGTTCACTGACGCTGATGCACGAAAGCGTGGGGATCAAACAGGATTAGATACCCTGGTAGTCCACGCCGTAAACGATGATAACTCGCTGTTGGCGATACACAGTCAGCGGCTTAGCGAAAGCGTTAAGTTATCCACCTGGGGAGTACGCTCGCAAGAGTG
ce47ec20a7f6d490285b27cb2a654bc2	0	61	D_0__Bacteria;D_1__Proteobacteria;D_2__Deltaproteobacteria;D_3__Desulfobacterales;D_4__Desulfobulbaceae;D_5__Desulfobulbus	TACGGAGGGTGCAAGCGTTGTTCGGAATTACTGGGCGTAAAGGGCGCGTAGGCGGTTTGATAAGTCAGATGTGAAAGCCCACGGCTTAACCGTGGAAGTGCATTTGATACTGTCAGACTTGAGTACCAGAGGGGAAAGTGGAATTCCCGGTGTAGAGGTGAAATTCGTAGATATCGGGAGGAATACCGGTGGCGAAGGCGACTTTCTGGCTGAGTACTGACGCTGAGGCGCGAAAGCGTGGGGAGCAAACAGGATTAGATACCCTGGTAGTCCACGCTGTAAACGATGTCAACTAGATGTAGGGGGTGTTGATCCCTTCTGTGTCGCAGCTAACGCATTAAGTTGACCGCCTGGGGAGTACGGTCGCAAGATTA
2ba009da561206deb16186e8e5a6e681	13	46	D_0__Bacteria;D_1__Armatimonadetes;D_2__uncultured;D_3__uncultured bacterium;D_4__uncultured bacterium;D_5__uncultured bacterium;D_6__uncultured bacterium	TACGTAGGGGGCGAGCGTTGTCCGAATTTACTGGGCGTAAAGCGCGCGTAGGTGGACATTTAAGTTGGTGGTGAAAGCTCTAGGCTCAACCTGGAAACTGCCTTCAAAACTGGATGTCTTGAGGTATGGAGAGGGAACTGGAATTCCTGGTGTAGCGGTGAAATGCGTAGATATCAGGAGGAACACCGATGGCGAAGGCAGGTTCCTGGCCATATCCTGACACTGAGGTGCGAAAGCTAGGGTAGCGAACGGGATTAGATACCCCGGTAGTCCTAGCCGTAAACGATGGATACTAGGTGTTAGAGGTATCGACCCCTCTAGTGCCGCAGCTAACGCATTAAGTATCCCGCCTGGGGAGTACGGCCGCAAGGTTG
c945802441f6322c89679fe301f2c993	20	35	D_0__Bacteria;D_1__Acidobacteria;D_2__Holophagae;D_3__Holophagales;D_4__Holophagaceae;D_5__Geothrix;Ambiguous_taxa	TACAGAGGGGGCAAGCGTTATTCGGAATTATTGGGCGTAAAGGGCGCGTAGGCGGTTTTTTAAGTCAGATGTGTAATCCCCGAGCTCAACTTGGGAACTGCATCTGAGACTGGAAGGCTAGAGTACTGGAGAGGGTGGTGGAATTCCTCGTGTAGCGGTGAAATGCGTAGAGATGAGGAGGAACACCAGTGGCGAAGGCGGCCACCTGGACAGTAACTGACGCTGAGGCGCGAAAGTGTGGGTAGCAAACAGGATTAGATACCCTGGTAGTCCACGCTGTAAACGATGAACACTTGGTGTGGAGGGAGTTGACCCCTTCCGTGCCGGAGCTAACGCGTTAAGTGTTCCGCCTGGGGAGTACGGTCGCAAGGCTG
3728f4038f0280bf742bb074ce026321	19	33	D_0__Bacteria;D_1__Bacteroidetes;D_2__Bacteroidia;D_3__Sphingobacteriales;D_4__Lentimicrobiaceae;D_5__uncultured Sphingobacteriia bacterium;D_6__uncultured Sphingobacteriia bacterium	TACGGAGGATGCGAGCGTTATCCGGATTCATTGGGTTTAAAGGGTGCGCAGGCGGAATGATAAGTCAGTGGTGAAATCCTACAGCTTAACTGTAGAACTGCCATTGATACTATCGTTCTTGAGTACATTTGGAGTGGGCGGAATGTGTCATGTAGCGGTGAAATGCTTAGATATGACACAGAACACCGATCGCGAAGGCAGCTCACTAAGTTGTAACTGACGCTCAGGCACGAAAGCGTGGGGATCAAACAGGATTAGATACCCTGGTAGTCCACGCCGTAAACGATGATTACTCGATGTTGGCGATACACTGTCAGCGTCTAAGCGAAAGCATTAAGTAATCCACCTGGGGAGTACGGCCGCAAGGTTG
84e1fe54996ce9424a3555a719673e4f	0	44	D_0__Bacteria;D_1__Bacteroidetes;D_2__Bacteroidia;D_3__Sphingobacteriales;D_4__Lentimicrobiaceae	TACGGAGGATGCAAGCGTTATCCGGATTCATTGGGTTTAAAGGGTGCGCAGGCGGAATGATAAGTCAGTGGTGAAATCCTACGGCTCAACTGTAGAACTGCCATTGATACTGTCATTCTTGAGTACTGTTGAGGTGGGCGGAATGTGTCATGTAGCGGTGAAATGCTTAGATATGACACAGAACACCGATCGCGAAGGCAGCTCACCAAGCAGAAACTGACGCTCATGCACGAAAGCGTGGGGATCAAACAGGATTAGATACCCTGGTAGTCCACGCTGTAAACGATGATCACTCGATGTTGGCGATACACTGTCAGCGTCTTAGCGAAAGTATTAAGTGATCCACCTGGGGAGTACGGTCGCAAGATTG
75a422b9932e9eda7c751cd91ee566c9	0	40	D_0__Bacteria;D_1__Bacteroidetes;D_2__Bacteroidia;D_3__Sphingobacteriales;D_4__Lentimicrobiaceae;Ambiguous_taxa;Ambiguous_taxa	TACGGAGGATCCAAGCGTTATCCGGATTCATTGGGTTTAAAGGGTGCGCAGGCGGAATGATAAGTCAGTGGTGAAATCCTACAGCTCAACTGTAGAACTGCCATTGATACTGTCGTTCTTGAGTACACTTGGAGTGGGCGGAATGTGTCATGTAGCGGTGAAATGCTTAGATATGACACAGAACACCGATCGCGAAGGCAGCTCACTAAATTGTAACTGACGCTCAGGCACGAAAGCGTGGGGATCAAACAGGATTAGATACCCTGGTAGTCCACGCCGTAAACGATGATCACTCGATGTTGGCGATATACTGTCAGCGTCTAAGCGAAAGCATTAAGTGATCCACCTGGGGAGTACGATCGCAAGATTG
ff1bd8113a59e63cbb44713fe3645ed6	29	7	D_0__Bacteria;D_1__Proteobacteria;D_2__Gammaproteobacteria;D_3__Betaproteobacteriales;D_4__Burkholderiaceae;D_5__Rhodoferax	TACGTAGGGTGCGAGCGTTAATCGGAATTACTGGGCGTAAAGCGTGCGCAGGCGGTTATATAAGACAGATGTGAAATCCCCGGGCTCAACCTGGGACCTGCATTTGTGACTGTATAGCTAGAGTACGGTAGAGGGGGATGGAATTCCGCGTGTAGCAGTGAAATGCGTAGATATGCGGAGGAACACCGATGGCGAAGGCAATCCCCTGGACCTGTACTGACGCTCATGCACGAAAGCGTGGGGAGCAAACAGGATTAGATACCCTGGTAGTCCACGCCCTAAACGATGTCAACTGGTTGTTGGGTCTTCACTGACTCAGTAACGAAGCTAACGCGTGAAGTTGACCGCCTGGGGAGTACGGCCGCAAGGTTG
461b9d44ca4ea8a9d9c0454d4830b05f	30	5	D_0__Bacteria;D_1__Acidobacteria;D_2__Holophagae;D_3__Holophagales;D_4__Holophagaceae;D_5__uncultured;D_6__uncultured bacterium	TACAGAGGGGGCAAGCGTTATTCGGAATTACTGGGCGTAAAGGGCGCGTAGGCGGTTCTTTAAGTCGGATGTGCAATCCCCGAGCTCAACTTGGGAACTGCATCCGAAACTGGGGAGCTAGAGTACTGGAGAGGGTGGTAGAATTCCACGTGTAGCGGTGAAATGCGTAGAGATGTGGAGGAATACCAGTGGCGAAGGCGGCCACCTGGACAGTAACTGACGCTGAGGCGCGAAAGTGTGGGTAGCAAACAGGATTAGATACCCTGGTAGTCCACACTGTAAACGATGAACACTTGGTGTGGCGGAAGTTGACCTCCGCCGTGCCGGAGCTAACGCGTTAAGTGTTCCGCCTGGGGAGTACGGTCGCAAGGCTG
d203e533684e9d248dfcf70d859d065e	0	36	D_0__Bacteria;D_1__Bacteroidetes;D_2__Bacteroidia;D_3__Bacteroidales;D_4__Prolixibacteraceae;D_5__WCHB1-32;Ambiguous_taxa	TACGGAGGATGCAAGCGTTATCCGGATTCATTGGGTTTAAAGGGTGCGTAGGCGGCTCTTTAAGTCAGTGGTGAAATCTTGCCGCTTAACGGTAAAATTGCCATTGATACTGAAGAGCTTGAGTACAGTTGAGGTAGGCGGAATGTGTAGTGTAGCGGTGAAATGCTTAGATATTACACAGAACACCAATTGCGAAGGCAGCCTACTAAGTTGTTACTGACGCTGATGCACGAAAGCGTGGGGAGCGAACAGGATTAGATACCCTGGTAGTCCACGCCGTAAACGATGCTCACTCGCTGTTTGCGATACACAGTAAGCGGCCAAGCGAAAGCATTAAGTGAGCCACCTGGGGAGTACGATCGCAAGGTTG
50c177d71723ac40af6e6fd0b9073d1d	0	34	D_0__Bacteria;D_1__Bacteroidetes;D_2__Bacteroidia;D_3__Sphingobacteriales;D_4__Lentimicrobiaceae;Ambiguous_taxa;Ambiguous_taxa	TACGGAGGATCCAAGCGTTATCCGGATTCATTGGGTTTAAAGGGTGCGCAGGCGGAATGATAAGTCAGTGGTGAAAGCCTACAGCTCAACTGTAGAACTGCCATTGATACTGTCGTTCTTGAGTACACTTGGAGTGGGCGGAATGTGTCATGTAGCGGTGAAATGCTTAGATATGACACAGAACACCGATCGCGAAGGCAGCTCACTAAATTGTAACTGACGCTCAGGCACGAAAGCGTGGGGATCAAACAGGATTAGATACCCTGGTAGTCCACGCCGTAAACGATGATCACTCGATGTTGGCGATATACTGTCAGCGTCTAAGCGAAAGCATTAAGTGATCCACCTGGGGAGTACGATCGCAAGATTG
a4e883eb01faf953fb74cbe15656707b	0	29	D_0__Bacteria;D_1__Proteobacteria;D_2__Gammaproteobacteria;D_3__Betaproteobacteriales;D_4__Rhodocyclaceae;D_5__Candidatus Accumulibacter;D_6__uncultured beta proteobacterium	TACGTAGGGTGCGAGCGTTAATCGGAATTACTGGGCGTAAAGCGTGCGCAGGCGGTTTTGTAAGTCAGATGTGAAATCCCCGGGCTCAACCTGGGAACTGCATTTGAGACTGCAAGGCTAGAGTGTGGCAGAGGGGGGTAGAATTCCACGTGTAGCAGTGAAATGCGTAGAGATGTGGAGGAATACCGATGGCGAAGGCAGCCCCCTGGGCCAATACTGACGCTCATGCACGAAAGCGTGGGGAGCAAACAGGATTAGATACCCTGGTAGTCCACGCCCTAAACGATGTCAACTAGGTGTTGGAAGGGTTAAACCTTTTAGTGCCGTAGCTAACGCGTGAAGTTGACCGCCTGGGGAGTACGGCCGCAAGGCTA
ab883e62649bef8bcf3726a8cabc4961	0	28	D_0__Bacteria;D_1__Bacteroidetes;D_2__Bacteroidia;D_3__Sphingobacteriales;D_4__Lentimicrobiaceae;Ambiguous_taxa;Ambiguous_taxa	TACGGAGGATGCAAGCGTTATCCGGATTCATTGGGTTTAAAGGGTGCGCAGGCGGAATGATAAGTCAGTGGTGAAATCCTACAGCTTAACTGTAGAACTGCCATTGATACTGTCGTTCTTGAGTACACTTGGAGTGGGCGGAATGTGTCATGTAGCGGTGAAATGCTTAGATATGACACAGAACACCGATCGCGAAGGCAGCTCACTAAATTGTAACTGACGCTCAGGCACGAAAGCGTGGGGATCAAACAGGATTAGATACCCTGGTAGTCCACGCCGTAAACGATGATCACTCGATGTTGGCGATATACTGTCAGCGTCTAAGCGAAAGCATTAAGTGATCCACCTGGGGAGTACGATCGCAAGATTG
035edd998d7864250c983102de197a9d	0	28	D_0__Bacteria;D_1__Proteobacteria;D_2__Gammaproteobacteria;D_3__Betaproteobacteriales;D_4__Burkholderiaceae;D_5__Polynucleobacter	TACGTAGGGTGCAAGCGTTAATCGGAATTACTGGGCGTAAAGCGTGCGCAGGCGGTTATACAAGACAGGCGTGAAATCCCCGGGCTTAACCTGGGAATGGCGCCTGTGACTGTATAGCTAGAGTGTGTCAGAGGGGGGTAGAATTCCACGTGTAGCAGTGAAATGCGTAGATATGTGGAGGAATACCAATGGCGAAGGCAGCCCCCTGGGATAACACTGACGCTCATGCACGAAAGCGTGGGGAGCAAACAGGATTAGATACCCTGGTAGTCCACGCCCTAAACGATGCTGACTAGTTGTTCGGGATTTACATCCTGAGTAACGTAGCTAACGCGTGAAGTCAGCCGCCTGGGGAGTACGGTCGCAAGATTA
7b7f8119f638f02bfe0cb072def67f9f	0	26	D_0__Bacteria;D_1__Bacteroidetes;D_2__Bacteroidia;D_3__Sphingobacteriales;D_4__Z4MB62;D_5__uncultured bacterium;D_6__uncultured bacterium	TACGGAGGATCCAAGCGTTATCCGGATTCATTGGGTTTAAAGGGTCCGCAGGCGGACCGATAAGTCAGGGGTGAAATCCTACGGCTCAACCGTAGAACTGCCCTTGATACTGTTGGTCTAGAGTACAGTTGAGGTGGGCGGAATGTGTCATGTAGCGGTGAAATGCATAGATATGACACAGAACACCGATCGCGAAGGCAGCTCACCAAGCTGTAACTGACGCTCAGGGACGAAAGCGTGGGGATCAAACAGGATTAGATACCCTGGTAGTCCACGCTGTAAACGATGGTCACTCGATGTTGGCGATACACAGTCAGCGTCTGAGCGAAAGCATTAAGTGACCCACCTGGGGAGTACGATCGCAAGATTG
741f3e45b843aa784860e58ac192a72f	0	26	D_0__Bacteria;D_1__Bacteroidetes;D_2__Bacteroidia;D_3__Sphingobacteriales;D_4__Lentimicrobiaceae;Ambiguous_taxa;Ambiguous_taxa	TACGGAGGATGCAAGCGTTATCCGGATTCATTGGGTTTAAAGGGTGCGCAGGCGGAATGATAAGTCAGTGGTGAAATCCTGCAGCTTAACTGCAGAACTGCCATTGATACTGCCGTTCTTGAGTATAGTTGAAGTGGGCGGAATGTGTCATGTAGCGGTGAAATGCTTAGATATGACACAGAACACCGATCGCGAAGGCAGCTCGCTAAGCTATAACTGACGCTCATGCACGAAAGCGTGGGGATCAAACAGGATTAGATACCCTGGTAGTCCACGCCGTAAACGATGATTACTCGATGTTGGCGATATACAGTCAGCGTCTAAGCGAAAGCATTAAGTAATCCACCTGGGGAGTACGTTCGCAAGGATG
e3166295d1eb191603ae8d0c62e26df9	23	0	D_0__Bacteria;D_1__Bacteroidetes;D_2__Ignavibacteria;D_3__Ignavibacteriales	TACGTAGGGGGCAAGCGTTGTCCGGATTTACTGGGTGTAAAGGGCGCGTAGGCGGATCTATAAGTCGGTGGTGAAATCCTGCAGCTTAACTGCAGAACTGCCGTCGATACTGTGGATCTTGAGTTCGGAAGAGAGTAGCGGAATTCCAGGTGTAGTAGTGAAATACGTAGATATCTGGAAGAACACCAGTGGCGAAGGCGGCTACTTGGTCCGTATCTGACGCTGAGGCGCGAAAGCGTGGGGAGCAAACAGGATTAGATACCCTGGTAGTCCACGCTGTAAACGATGAATACTAGATGTTGGGTGCATTAGCACCCAGTGTCGCAGCTAACGCATTAAGTATTCCACCTGGGGAGTACGATCGCAAGGTTG
ffb3a75063fcc2fce18e3b7a86f1c963	0	24	D_0__Bacteria;D_1__Bacteroidetes;D_2__Bacteroidia;D_3__Chitinophagales;D_4__Chitinophagaceae;D_5__Ferruginibacter;D_6__uncultured Bacteroidetes bacterium	TACGGAGGGTGCAAGCGTTATCCGGATTTACTGGGTTTAAAGGGTGCGTAGGTGGGCATTTAAGTCAGTGGTGAAATCTTCGAGCTTAACTCGGAAACTGCCATTGATACTACTTGTCTTGAATATCCTGGAGGTAAGCGGAATATGTCATGTAGCGGTGAAATGCTTAGATATGACATAGAACACCCATTGCGAAGGCAGCTTACTACGGGATTATTGACACTGAGGCACGAAAGCGTGGGGATCAAACAGGATTAGATACCCTGGTAGTCCACGCCCTAAACGATGGATACTCGACATCAGCGATACACTGTTGGTGTCTGAGCGAAAGCATTAAGTATCCCACCTGGGAAGTACGATCGCAAGATTG
cfea9db554d1a52f7da812bea4669b08	0	24	D_0__Bacteria;D_1__Spirochaetes;D_2__Spirochaetia;D_3__Spirochaetales;D_4__Spirochaetaceae;D_5__uncultured;Ambiguous_taxa	CACGTAGGGGGCGAGCGTTGTTCGGAATTACTGGGCGTAAAGGGCATGTAGGCGGCCTTGTAAGCTTGGCGTGAAATACCATGGCTTAACCATGGGAATGCGTTGAGAACTGCAAGGCTTGAGTGACGGAGAGGGAGCTAGAATTCCTGGTGTAGGGGTGGAATCTGTAGAGATCAGGAAGAATACCAATGGCGAAGGCAAGCTCCTGGCCGATGACTGACGCTGAGGTGCGAAAGTGTGGGGATCAAACAGGATTAGATACCCTGGTAGTCCACACAGTAAACGATGTGCACTAGGTGCTGGGGCGGATGCTTCAGTGCCGTAGCTAACGTGATAAGTGCACCGCCTGGGGAGTATGCTCGCAAGGGTG
dd5ec5e3a4d1362dff68210468e8fa09	0	23	D_0__Bacteria;D_1__Bacteroidetes;D_2__Bacteroidia;D_3__Sphingobacteriales;D_4__KD1-131;D_5__uncultured bacterium;D_6__uncultured bacterium	TACGGAGGATGCAAGCGTTATCCGGATTCATTGGGTTTAAAGGGTGCGCAGGCGGATTGGTAAGTCAGTGGTGAAATTCAACGGCTCAACTGTTGATCTGCCATTGATACTGTCAGTCTAGAGTATAGTTGGAGTGGGCGGAATGTGTCATGTAGCGGTGAAATGCTTAGATATGACACAGAACACCGATCGCGAAGGCAGCTCACTAAGCTAAAACTGACGCTCATGCACGAAAGCGTGGGGATCAAACAGGATTAGATACCCTGGTAGTCCACGCTGTAAACGATGATTACTCGATGTTGGCGATACACAGTCAGCGTCTGAACGAAAGTATTAAGTAATCCACCTGGGGAGTACGTTCGCAAGGATG
52334e3afded2f30385b58081b503277	0	22	D_0__Bacteria;D_1__Chloroflexi;D_2__Anaerolineae;D_3__Anaerolineales;D_4__Anaerolineaceae;D_5__Leptolinea;Ambiguous_taxa	AACGTAGGAAGCGAGCGTTATCCGGATTTACTGGGCGTAAAGCGCGTGTAGGCGGTCGGGTAAGTTGGATGTGAAAGCTCCTGGCTTAACTGGGAGAGGTCGTTCAATACTGCTTGACTAGAGGATGGGAGAGGGAAGTGGAATTCCGGGTGTAGTGGTGAAATGCGTAGATATCCGGAGGAACACCAGTGGCGAAAGCGGCTTCCTGGCCCATAACTGACGCTCAGACGCGAAAGCTAGGGGAGCGAACGGGATTAGAGACCCCGGTAGTCCTAGCTGTAAACGATGTGGACTTGGCGTTGGCGGGTTTAAATCCGTCAGTGCCGAAGCAAACGCGATAAGTCCACCGCCTGGGGACTACGGCCGCAAGGTTA
3e5b5c6cabf7787ea77ccafc2237dc88	0	21	D_0__Bacteria;D_1__Bacteroidetes;D_2__Bacteroidia;D_3__Sphingobacteriales;D_4__Lentimicrobiaceae;Ambiguous_taxa;Ambiguous_taxa	TACGGAGGATCCAAGCGTTATCCGGATTCATTGGGTTTAAAGGGTGCGCAGGCGGAATGATAAGTCAGTGGTGAAATCTCTCGGCTCAACTGAGAAACTGCCATTGATACTGTCGTTCTTGAGTACACTTGGAGTGGGCGGAATGTGTCATGTAGCGGTGAAATGCTTAGATATGACACAGAACACCGATCGCGAAGGCAGCTCACTAAGTTGTAACTGACGCTCAGGCACGAAAGCGTGGGGATCAAACAGGATTAGATACCCTGGTAGTCCACGCTGTAAACGATGATCACTCGATGTTGGCGATATACTGTCAGCGTCTAAGCGAAAGCATTAAGTGATCCACCTGGGGAGTACGATCGCAAGATTG
f855e22520af35f81198f1e8819a3735	0	21	D_0__Bacteria;D_1__Chloroflexi;D_2__Anaerolineae;D_3__Anaerolineales;D_4__Anaerolineaceae	AACGTAGGAGGCAAGCGTTATTCGGATTTACTGGGCGTAAAGCGTGTGCAGGCGGTTTGGAAAGTTGGATGTGAAAGCTCCTGGCTTAACTGGGAGAGGTCGTTCAATACTTCCAGACTAGAGGATGAGAGAGGAAAGTGGAATTCCGAGTGTAGTGGTGAAATGCGTAGATATTCGGAGGAACACCAGTGGCGAAAGCGGCTTTCTGGCTCATTTCTGACGCTCAGACACGAAAGCTAGGGTAGCAAACGGGATTAGAGACCCCGGTAGTCCTAGCTGTAAACGATGTAGACTTGGCGTCGGTGGGGTAAAATCCGCCGGTGCCGTAGCTAACGCGATAAGTCTACCGCCTGGGGACTACGGCCGCAAGGTTA
041150357d4deedc791b78c87f3127ca	0	20	D_0__Bacteria;D_1__Chloroflexi;D_2__Anaerolineae;D_3__Anaerolineales;D_4__Anaerolineaceae;D_5__Anaerolinea;D_6__metagenome	CACGTAGGAGACGAGCGTTATCCGGATTTACTGGGTGTAAAGCGCGTGCAGGCGGTCCGATAAGTTGGATGTGAAAGCTCCTGGCTTAACTGGGAGAGGTCGTTCAATACTGTTGGACTAGAGGATGTCAGAGGGGAGTGGAATTCCGAGTGTAGCGGTAAAATGCATAGATATTCGGAAGAACACCAGTGGCGAAGGCGGCTCTCTGGGGCATATCTGACGCTCAGACGCGAAAGCTAGGGTAGCAAACGGGATTAGAGACCCCGGTAGTCCTAGCCGTAAACGATGTGAACTTGGCGTTGGTGGGTTCAAATCCATCAGTGCCGTAGCAAACGCGATAAGTTCACCACCTGGGGACTACGGCCGCAAGGTTA
31f5eed53c9b310fa7067569c71f3b50	17	0	D_0__Bacteria;D_1__Bacteroidetes;D_2__Ignavibacteria;D_3__Ignavibacteriales;D_4__SR-FBR-L83;D_5__uncultured bacterium;D_6__uncultured bacterium	TACGTAGGGGGCAAGCGTTGTCCGGATTTACTGGGTGTAAAGGGCGCGTAGGCGGGTTTGTTAGTCAGAGGTGAAATCCTGCAGCTTAACTGTAGAACTGCCTCTGATACTGCAAATCTTGAGTTCAGAAGAGAGAAGCGGAATTCCAGGTGTAGTGGTGAAATACGTAGATATCTGGAAGAACACCAGTGGCGAAGGCGGCTTCTTGGTCTGTAACTGACGCTGAGGCGCGAAAGCGTGGGGAGCAAACAGGATTAGATACCCTGGTAGTCCACGCTGTAAACGATGAATACTAGGTGTTGGATGCATTAGTATCCAGTGCCGCAGTTAACGCATTAAGTATTCCACCTGGGGAGTACGATCGCAAGGTTG
0eb7cbee82c287c16ea4c758e9ae0b2d	0	19	D_0__Bacteria;D_1__Proteobacteria;D_2__Deltaproteobacteria;D_3__Desulfovibrionales;D_4__Desulfovibrionaceae;D_5__Desulfovibrio;Ambiguous_taxa	TACGGAGGGTGCAAGCGTTAATCGGAATCACTGGGCGTAAAGCGCGCGTAGGCGGTCTTTTAAGTCGGACGTGAAAGCCCTCGGCTCAACCGGGGAATTGCGTTCGAAACTGGGAGACTTGAGTCCTGGAGAGGGTGGCGGAATTCCGGGTGTAGGAGTGAAATCCGTAGATATCCGGAGGAACACCGGTGGCGAAGGCGGCCACCTGGACAGGTACTGACGCTGAGGCGCGAAAGCGTGGGGAGCAAACAGGATTAGATACCCTGGTAGTCCACGCTGTAAACGATGGATGCTAGGTGTCGGGGAGCGATCTTCGGTGCCGCAGTTAACGCATTAAGCATCCCGCCTGGGGAGTACGGTCGCAAGGCTG
f59e5f135deb25fc3c22884753d7bc46	0	18	D_0__Bacteria;D_1__Proteobacteria;D_2__Deltaproteobacteria;D_3__Desulfovibrionales;D_4__Desulfovibrionaceae;D_5__Desulfovibrio	TACGGAGGGCGCGAGCGTTAATCGGAATCACTGGGCGTAAAGCGCGCGTAGGCTGTCTGGTAAGTCAGACGTGAAATCCCTCAGCTCAACTGGGGAACTGCGTTTGATACTGCCGGACTTGAGTCCCGGAGAGGGTGGCGGAATTCCAGGTGTAGGAGTGAAATCCGTAGATATCTGGAGGAACACCGGTGGCGAAGGCGGCCACCTGGACGGGTACTGACGCTGAGGTGCGAAAGCGTGGGGAGCAAACAGGATTAGATACCCTGGTAGTCCACGCGGTAAACGATGGATGTTAGGTGTCGGGGAGCGATCTTCGGCGCCGAAGCTAACGCATTAAACATCCCGCCTGGGGAGTACGGTCGCAAGGCTG
dc55952680dc078dbc6f1905f42dfb90	15	0	D_0__Bacteria;D_1__Armatimonadetes;D_2__Fimbriimonadia;D_3__Fimbriimonadales;D_4__Fimbriimonadaceae;D_5__uncultured bacterium;D_6__uncultured bacterium	GACGTAGGGTGCAAGCGTTGTCCGGATTTACTGGGCGTAAAGGACGCGTAGGCGGTTCGTTAAGTGTGAAGTGAAATCTCCAGGGCTCAACCCGGAAACTGCTTCGCATACTGGCGGACTGGAGGGATGCAGAGGTAAGTAGAATTCCTGGTGTAGCGGTGAAATGCGTTGATATCAGGAGGAATACCGATGGCGAAGGCAGCTTACTGGGCATCATCTGACGCTGAGGCGTGAAAGCGTGGGTAGCAAACAGGATTAGATACCCTGGTAGTCCACGCCCTAAACGATGGATACTAGACGTAAGAGGTATCGACCCCTCTTGTGTCGCAGTTAACGCACTAAGTATCCCGCCTGGGGACTACGGCCGCAAGGTTG
a843a8bc1896ede83de1d8fd120cb857	14	0	D_0__Bacteria;D_1__Proteobacteria;D_2__Gammaproteobacteria;D_3__Betaproteobacteriales;D_4__Rhodocyclaceae;D_5__Dechloromonas	TACGTAGGGTGCGAGCGTTAATCGGAATTACTGGGCGTAAAGCGTGCGCAGGCGGTTTTGTAAGACAGGCGTGAAATCCCCGGGCTCAACCTGGGAACTGCGCTTGTGACTGCAAAGCTAGAGTACGGCAGAGGGGGGTGGAATTCCACGTGTAGCAGTGAAATGCGTAGAGATGTGGAGGAACACCAATGGCGAAGGCAGCCCCCTGGGTCGATACTGACGCTCATGCACGAAAGCGTGGGTAGCAAACAGGATTAGATACCCTGGTAGTCCACGCCCTAAACGATGTCAACTAGGTGTTGGGTGGGTAAAACCATTTAGTACCGGAGCTAACGCGTGAAGTTGACCGCCTGGGGAGTACGGCCGCAAGGTTA
fa685d120a8af2769bc60cdb5129c05d	14	0	D_0__Bacteria;D_1__Armatimonadetes;D_2__uncultured;D_3__uncultured bacterium;D_4__uncultured bacterium;D_5__uncultured bacterium;D_6__uncultured bacterium	TACGTAGGGAGCGAGCGTTGTCCGAAGTTACTGGGCGTAAAGCGCGCGTAGGCGGTTACTTAAGTTAGATGTGAAATCCTGCAGCCCAACTGCAGAACTGCATCTAAAACTGGGTGACTTGAGGACGGAAGAGGACAGTGGAATTCCTGGTGTAGCGGTGAAATGCGTAGATATCAGGAGGAACACCCGTGGCGAAGGCGGCTGTCTGGTCCGTATCTGACGCTGAGGTGCGAAAGCTAGGGGAGCGAACGGGATTAGATACCCCGGTAGTCCTAGCCGTAAACGATGGATACTAGGTGTAAGTGGTATCGACCCCACTTGTGCCGCAGCTAACGCATTAAGTATCCCGCCTGGGGAGTACGGCCGCAAGGTTG
6d24dd6d58bdecf7e1d13843b9c50a3f	12	0	D_0__Bacteria;D_1__Proteobacteria;D_2__Alphaproteobacteria;D_3__Rhodospirillales;D_4__Magnetospirillaceae;D_5__Telmatospirillum;D_6__uncultured bacterium	TACGAAGGGGGCTAGCGTTGTTCGGAATTACTGGGCGTAAAGCGCACGCAGGCGGTCCGTTAAATAAGGAGTGAAAGCCCTGGGCTCAACCCGGGAATTGCTCTTTAGACTGGCGGACTTGAATCCGGAAGAGGGCAGTGGAATTCCAAGTGTAGAGGTGAAATTCGTAGATATTTGGAAGAACACCAGTGGCGAAGGCGACTGCCTGGTCCGGCATTGACGCTCATGTGCGAAAGCGTGGGGAGCAAACAGGATTAGATACCCTGGTAGTCCACGCCGTAAACGATGAGTGCTAGTTGTTGGGGTGCATGCACTTCAGTGACGCAGCTAACGCATTAAGCACTCCGCCTGGGGAGTACGGCCGCAAGGTTA
c431f0847c5108392cc944e62fda4686	0	13	D_0__Bacteria;D_1__Proteobacteria;D_2__Deltaproteobacteria;D_3__Desulfobacterales;D_4__Desulfobulbaceae;D_5__Desulfobulbus	TACGGAGGGTGCAAGCGTTGTTCGGAATCACTGGGCGTAAAGGGCGCGTAGGCGGTTTGATAAGTCAGATGTGAAAGCCCACGGCTCAACCGTGGAAGTGCATTTGATACTGTTAGACTTGAGTACCAGAGGGGAAAGTGGAATTCCCGGTGTAGAGGTGAAATTCGTAGATATCGGGAGGAATACCGGTGGCGAAGGCGACTTTCTGGCTGGATACTGACGCTGAGGCGCGAAAGCGTGGGGAGCAAACAGGATTAGATACCCTGGTAGTCCACGCTGTAAACGATGTGAACTAGATGTAGGGGGTGTTGATCCCTTCTGTGTCGCAGCTAACGCATTAAGTTCACCGCCTGGGGAGTACGGTCGCAAGATTA
c9b4f0c04f699853f773b3c7a4bb5160	11	0	D_0__Bacteria;D_1__Bacteroidetes;D_2__Ignavibacteria;D_3__Kryptoniales;D_4__BSV26;Ambiguous_taxa;Ambiguous_taxa	TACGTAGGATCCGAGCGTTGTCCGGAATTACTGGGTGTAAAGGGCGTGTAGGTGGATTCCTAAGTCGGTGGTGAAAGCCTGCAGCTTAACTGCAGAATTGCCTTCGATACTGGGGATCTTGAGTGCGGCAGAGGGAGATGGAATTCATGGTGTAGCGGTGAAATGTGTAGATATCATGAAGAACACCGGTAGCGAAGGCGGTCTCCTGGTCCGCAACTGACACTGATGCGCGAAAGCGTGGGGAGCAAACAGGATTAGATACCCTGGTAGTCCACGCCTTAAACGATGGGTACTAGGTGCTGGGTCGCAAGATTCAGTGCCAAAGCTAACGCATTAAGTACCCCACCTGGGGAGTACGATCGCAAGGTTG
c42b887fd344c089cf6fc7ee9794edaf	0	12	D_0__Bacteria;D_1__Bacteroidetes;D_2__Bacteroidia;D_3__Bacteroidales;D_4__Bacteroidetes BD2-2;D_5__uncultured Cytophagales bacterium;D_6__uncultured Cytophagales bacterium	TACGGAGGATGCAAGCGTTATCCGGATTTATTAGGTATAAAGGGTGCGTAGGCGGACCTGTTAGTCAGTGGTGAAATACTGCGGCTTAACCGTAGAACTGCCATTGATACTGCAGGTCTTGAGTACAGTTGAGGTAGGCGGAATGTGTGGTGTAGCGGTGAAATGCTTAGATATCACACAGAACACCGATTGCGAAGGCAGCTTACTAAGTTGTAACTGACGCTGATGCACGAAAGCATGGGGAGCAAACAGGATTAGATACCCTGGTAGTCCATGCCGTAAACGATGATCACTCGCTGTTTGTCCATTAGGATAAGTGGCTGAGCTAACGCATTAAGTGATCCACCTGGGGAGTACGGCGGCAACGCTG
ad00f84d9a0289492cc98d7af360fd0a	0	12	D_0__Bacteria;D_1__Bacteroidetes;D_2__Ignavibacteria;D_3__Kryptoniales;D_4__BSV26	TACGTAGGATCCAAGCGTTGTCCGGATTTACTGGGTGTAAAGGGCGTGTAGGTGGGTTTTTAAGTCGGTGGTGAAATCCTGCGGCTCAACCGCAGAACTGCCATCGATACTGAAAATCTTGAGTTCGGCAGAGGGAGATGGAATTCATGGTGTAGCGGTGAAATGTGTAGATATCATGAAGAACACCGGTAGCGAAGGCGGTCTCCTGGTCCGATACTGACACTGAGGCGCGAAAGCGTGGGGAGCAAACAGGATTAGATACCCTGGTAGTCCACGCCTTAAACGATGGGTACTAGGTGCTGGGCCGTAAGGTTCAGTGCCACAGCTAACGCATTAAGTACCCCACCTGGGGAGTACGATCGCAAGGTTG
0dce5cdc61141b59f8e344b29684454c	0	12	D_0__Bacteria;D_1__Actinobacteria;D_2__Coriobacteriia;D_3__OPB41;Ambiguous_taxa;Ambiguous_taxa;Ambiguous_taxa	TACGTATGGGGCAAGCGTTATCCGGATTCATTGGGCGTAAAGAGCGCGTAGGCGGATTGTTAAGTCAGATGTGAAAACTGGGGGCTCAACCCGCAGCCTGCATCTGAAACTGGCAGTCTTGAGTCTGGTAGAGGAGTGTGGAATTCCCAGTGTAGCGGTGAAATGCGCAGATATTGGGAGGAACACCAGTGGCGAAGGCGGCACTCTGGGCCACGACTGACGCTGAGGCGCGAAAGCTAGGGGAGCAAACAGGATTAGATACCCTGGTAGTCCTAGCCGTAAACGATGGGCACTAGGTGTGGGGGGTCATCAACTCCCTCCGTGCCGCAGCTAACGCATTAAGTGCCCCGCCTGGGGAGTACGGCCGCAAGGCTA
740ed6297d69b03c121c322bcf692b18	0	12	D_0__Bacteria;D_1__Bacteroidetes;D_2__Bacteroidia;D_3__Bacteroidales;D_4__Bacteroidetes vadinHA17;Ambiguous_taxa;Ambiguous_taxa	TACGGAGGATGCAAGCGTTATCCGGATTTATTGGGTTTAAAGGGTGCGTAGGCGGATTAATAAGTCAGTGGTGAAAGACTGCAGCTTAACTGTAGAACTGCCATTGATACTGTTAGTCTTGAGTATGGTCAAGGTAGGCGGAATGTGTAATGTAGCGGTGAAATGCTTAGATATTACACAGAACACCGATTGCGAAGGCAGCTTACTGGGCCATTACTGACGCTGATGCACGAAAGCGTGGGGAGCGAACAGGATTAGATACCCTGGTAGTCCACGCCGTAAACGATGATCACTCGCTGTTGGCGATACACAGTCAGCGGCTAAGCAAAAGCATTAAGTGATCCACCTGGGGAGTACGGCCGCAAGGCTG
81a49069c8fccb7bc8119c209abf3649	0	12	D_0__Bacteria;D_1__Bacteroidetes;D_2__Bacteroidia;D_3__Bacteroidales;D_4__Prolixibacteraceae;D_5__BSV13;Ambiguous_taxa	TACGGAGGGTGCAAGCGTTATCCGGATTTATTGGGTTTAAAGGGTGCGTAGGCGGCAATATAAGTCAGTGGTGAAATCCTGCAGCTCAACTGTAGAACAGCCATTGAAACTGTGTTACTTGAGTAATCTTGAGGTAGGCGGAATGTGTAGTGTAGCGGTGAAATGCTTAGATATTACACAGAACACCGATTGCGAAGGCAGCTTACTAAGGATTTACTGACGCTGATGCACGAAAGCGTGGGGATCAAACAGGATTAGATACCCTGGTAGTCCACGCCGTAAACGATGATAACTCGCTGTTGGCGATACACAGTCAGCGGCTTAGCGAAAGCGTTAAGTTATCCACCTGGGGAGTACGCTCGCAAGAGTG
eb7a978427dc315f62e70d795e2b7c34	0	11	D_0__Bacteria;D_1__Bacteroidetes;D_2__Bacteroidia;D_3__Bacteroidales;D_4__Bacteroidetes vadinHA17;Ambiguous_taxa;Ambiguous_taxa	TACGGAGGATGCGAGCGTTATCCGGATTTATTGGGTTTAAAGGGTGCGTAGGCGGATTAATAAGTCAGTGGTGAAAACCTGCAGCTTAACTGTAGAATTGCCATTGATACTGTTAGTCTTGAGTACGGTCAAGGTAGGCGGAATGTGTAATGTAGCGGTGAAATGCTTAGATATTACACAGAACACCGATTGCGAAGGCAGCTTACTGGGCCATTACTGACGCTGATGCACGAAAGCGTGGGGAGCGAACAGGATTAGATACCCTGGTAGTCCACGCCGTAAACGATGATCACTCGCTGTTGGCGATACACAGTCAGCGGCTAAGCAAAAGCATTAAGTGATCCACCTGGGGAGTACGGCCGCAAGGCTG
e43f55bf9c7503a0ae4d76d1c378b648	0	11	D_0__Bacteria;D_1__Bacteroidetes;D_2__Bacteroidia;D_3__Bacteroidales;D_4__Prolixibacteraceae;D_5__BSV13;Ambiguous_taxa	TACGGAGGGTGCAAGCGTTATCCGGATTTATTGGGTTTAAAGGGTGCGTAGGCGGTTATATAAGTCAGTGGTGAAATCCTGCAGCTCAACTGTAGAACAGCCATTGAAACTGTATGACTTGAGTAATCTTGAGGTAGGCGGAATGTGTAGTGTAGCGGTGAAATGCTTAGATATTACACAGAACACCGATTGCGAAGGCAGCTTACTAAGGATTTACTGACGCTGATGCACGAAAGCGTGGGGATCAAACAGGATTAGATACCCTGGTAGTCCACGCCGTAAACGATGATAACTCGCTGTTGGCGATACACAGTCAGCGGCTTAGCGAAAGCGTTAAGTTATCCACCTGGGGAGTACGCTCGCAAGAGTG
158ea4839c14d5f63be34a393d3758b3	9	0	D_0__Bacteria;D_1__Armatimonadetes;D_2__Fimbriimonadia;D_3__Fimbriimonadales;D_4__Fimbriimonadaceae;D_5__uncultured bacterium;D_6__uncultured bacterium	GACGTAGGGAGCAAGCGTTGTCCGGATTTACTGGGCGTAAAGGGCGCGTAGGCGGTCTGTTAAGTGTGAAGTGAAATCTCCAGGGCTCAACCCGGAAACTGCTTCGCATACTGGCAGACTGGAGGAAGGCAGAGGTGAATAGAATTCCCGGTGTAGCGGTGACATGCATTGATATCGGGAGGAATACCAATGGCGAAGGCAGTTCACTGGGCCTCTCCTGACGCTGAGGCGCGAAAGCGTGGGTAGCAAACAGGATTAGATACCCTGGTAGTCCACGCCCTAAACGATGGATACTAGGCGTAAGAGGTATCGACCCCTCTTGTGCCGTAGCTAACGCATTAAGTATCCCGCCTGGGGAGTACGGCCGCAAGGTTG
058290b634bc8a9b87ab41ec281d2361	9	0	D_0__Bacteria;D_1__Proteobacteria;D_2__Gammaproteobacteria;D_3__Betaproteobacteriales;D_4__Burkholderiaceae	TACGTAGGGTGCAAGCGTTAATCGGAATTACTGGGCGTAAAGCGTGCGCAGGCGGTCTTGCAAGACAGATGTGAAATCCCCGGGCTTAACCTGGGAACTGCATTTGTGACTGCAAGGCTGGAGTACGGCAGAGGGGGATGGAATTCCGCGTGTAGCAGTGAAATGCGTAGATATGCGGAGGAACACCGATGGCGAAGGCAATCCCCTGGGCCTGTACTGACGCTCATGCACGAAAGCGTGGGGAGCAAACAGGATTAGATACCCTGGTAGTCCACGCCCTAAACGATGTCAACTGGTTGTTGGGAGGGTTTCTTCTCAGTAACGTAGCTAACGCGTGAAGTTGACCGCCTGGGGAGTACGGCCGCAAGGTTG
d742cce28a1b04520050e1e5e2ca39a7	0	10	D_0__Bacteria;D_1__Acidobacteria;D_2__Acidobacteriia;D_3__Solibacterales;D_4__Solibacteraceae (Subgroup 3);D_5__Paludibaculum;Ambiguous_taxa	TACGTAGGCAGCAAGCGTTGTTCGGAATTACTGGGCGTAAAGAGTGCGTAGGCGGTTAACTAAGTTTGGTGTGAAATCTCCCGGCTTAACTGGGAGGGTGCGCCGAAAACTGGCTAGCTAGAGTGTGGGAGAGGATAGTGGAATTCCTGGTGTAGCGGTGAAATGCGTAGATATCAGGAGGAACACCTGCGGTGTAGACGGCTATCTGGACCATGACTGACGCTGAGGCACGAAAGCGTGGGTAGCAAACAGGATTAGATACCCTGGTAGTCCACGCCCTAAACGATGCAAACTTGGTGTGCGCCCTTCATTGGGTGCGTGCCGTAGCTAACGCGTTAAGTTTGCCGCCTGGGGAGTACGGTCGCAAGGCTG
883ad5c99440af63147db64c66a653bb	0	10	D_0__Bacteria;D_1__Firmicutes;D_2__Erysipelotrichia;D_3__Erysipelotrichales;D_4__Erysipelotrichaceae;D_5__Erysipelothrix;D_6__uncultured bacterium	TACGTAGGTGGCAAGCGTTATCCGGAATTATTGGGCGTAAAGGGTGCGTAGGCGGTTTACTAAGTCTTATGTGAAATCTCAGAGCTTAACTCTGGGCTGCATAAGAAACTATTAGACTAGAGTGCAGGAGAGGGCAACGGAATTCCATGTGTAGCGGTAAAATGCGTAGATATATGGAGGAACACCGGTGGCGAAGGCGGTTGCCTGGCCTGTTACTGACGCTGAAGCACGAAAGCGTGGGGAGCAAATAGGATTAGATACCCTAGTAGTCCACGCTGTAAACGATGAATACTAAGTGTTGGGATAAAACTCAGTGCTGCAGTTAACGCAATAAGTATTCCGCCTGGGGAGTACGCACGCAAGTGTG
5bc93d31df822b3c333154c704275f1e	0	10	D_0__Bacteria;D_1__Bacteroidetes;D_2__Ignavibacteria;D_3__Kryptoniales;D_4__BSV26;D_5__denitrifying bacterium enrichment culture clone NOB_2_A7;D_6__denitrifying bacterium enrichment culture clone NOB_2_A7	TACGTAGGACCCAAGCGTTGTCCGGATTTACTGGGTGTAAAGGGAGCGCAGGCGGATTTATAAGTCGATGGTGAAATCTTGCGGCTCAACCGCAAAACAGCCGTCGATACTGTTAATCTTGAGTGTGGAAGAGAGTGGCGGAATTCATGGTGTAGCAGTGAAATGCGTAGATATCATGAAGAACACCGGTTGCGAAGGCGGCCACTTAGTCCATTACTGACGCTCATGCTCGAAAGCGTGGGGATCAAACAGGATTAGATACCCTAGTAGTCCACGCCCTAAACGATGAATACTCGGTGTCGGGTCGCAAGATTCGGCGCCTAAGCAAACGCATTAAGTATTCCACCTGGGAAGTACGATCGCAAGGTTG
b86d895261f46dcf97c6a5b0891cf3a2	0	10	D_0__Bacteria;D_1__Firmicutes;D_2__Clostridia;D_3__Clostridiales;D_4__Ruminococcaceae;D_5__Saccharofermentans	TACGTAGGTGGCAAGCGTTATCCGGATTTACTGGGTGTAAAGGGCGTGTAGGCGGCTCCGCAAGTCAGATGTGAAATTCCCAGGCTTAACCTGGGCGCTGCATCTGAAACTGCGGAACTTGAGTACTGGAGAGGATAGTGGAATTCCTAGTGTAGCGGTAAAATGCGTAGATATTAGGAGGAACACCAGTGGCGAAGGCGGCTATCTGGACAGTAACTGACGCTGAGGCGCGAAAGCGTGGGGAGCAAACAGGATTAGATACCCTGGTAGTCCACGCCGTAAACGATGAATACTAGGTGTAGGGGGTATCGACTCCCTCTGTGCCGCAGCTAACGCAATAAGTATTCCACCTGGGGAGTACGGCCGCAAGGTTG
cf39bdb2d33756dded61f2b5b1f9fa46	0	9	D_0__Bacteria;D_1__Spirochaetes;D_2__Spirochaetia;D_3__Spirochaetales;D_4__Spirochaetaceae;D_5__uncultured;Ambiguous_taxa	CACGTAGGGGGCGAGCGTTGTTCGGAATTACTGGGCGTAAAGGGCATGTAGGCGGCTTTGTAAGCCTGGCGTGAAAGTCTGCAGCTTAACTGCGGGAATGCGTTGGGAACTGCGAAGCTTGAGTTACGGAGAGGGAGCTAGAATTCCTGGTGTAGGGGTGAAATCTGTAGAGATCAGGAAGAATACCAATGGCGAAGGCAAGCTTCTGGCCGATGACTGACGCTGAGGTGCGAAAGTGTGGGGATCAAACAGGATTAGATACCCTGGTAGTCCACACTGTAAACGATGTGCACTAGGTGCTGGGGCGGATGCTTCAGTGCCGGAGCTAACGCGGTAAGTGCACCGCCTGGGGAGTATGCTCGCAAGGGTG
eb65a4562a67debb87c897b308c5e996	8	0	D_0__Bacteria;D_1__Bacteroidetes;D_2__Bacteroidia;D_3__Bacteroidales;D_4__Prolixibacteraceae;D_5__WCHB1-32;Ambiguous_taxa	TACGGAGGATGCAAGCGTTATCCGGATTCATTGGGTTTAAAGGGTGCGTAGGCGGCTCTTTAAGTCAGTGGTGAAATCCTGCCGCTTAACGGTAGAATTGCCATTGATACTGAAGAGCTTGAGTACAGTTGAGGTAGGCGGAATGTGTAGTGTAGCGGTGAAATGCTTAGATATTACACAGAACACCAATTGCGAAGGCAGCCTACTAAGTTGTTACTGACGCTGATGCACGAAAGCGTGGGGAGCGAACAGGATTAGATACCCTGGTAGTCCACGCCGTAAACGATGCTCACTCGCTGTTTGCGATACACAGTAAGCGGCCAAGCGAAAGCATTAAGTGAGCCACCTGGGGAGTACGATCGCAAGGTTG
28f02707b2b051c001cfbb9c11d8ef62	0	8	D_0__Bacteria;D_1__Bacteroidetes;D_2__Bacteroidia;D_3__Bacteroidales;D_4__Prolixibacteraceae;D_5__BSV13;Ambiguous_taxa	TACGGAGGGTGCAAGCGTTATCCGGATTTATTGGGTTTAAAGGGTGCGTAGGCGGCATTTTAAGTCAGTGGTGAAATCCTGCAGCTCAACTGTAGAACAGCCATTGAAACTGAAGTACTTGAGTAATCTTGAGGTAGGCGGAATGTGTAGTGTAGCGGTGAAATGCTTAGATATTACACAGAACACCGATTGCGAAGGCAGCTTACTAAGGATTTACTGACGCTGATGCACGAAAGCGTGGGGATCAAACAGGATTAGATACCCTGGTAGTCCACGCCGTAAACGATGATAACTCGCTGTTGGCGATACACAGTCAGCGGCTTAGCGAAAGCGTTAAGTTATCCACCTGGGGAGTACGCTCGCAAGAGTG
ddbc7fadda450db7ccbc56c386afac86	0	8	D_0__Bacteria;D_1__Proteobacteria;D_2__Alphaproteobacteria;D_3__Rhodospirillales;D_4__Magnetospirillaceae;D_5__Magnetospirillum;D_6__uncultured Magnetospirillum sp.	TACGAAGGGGGCTAGCGTTGTTCGGAATTACTGGGCGTAAAGCGCACGCAGGCGGTGATCATAGTCAGAAGTGAAAGCCCTGGGCTCAACCCGGGAATTGCTTTTGATACTGGGTCGCTAGAATCACGGAGAGGGTAGTGGAATTCCGAGTGTAGAGGTGAAATTCGTAGATATTCGGAAGAACACCAGTGGCGAAGGCGACTACCTGGCCGTCGATTGACGCTCATGTGCGAAAGCGTGGGGAGCAAACAGGATTAGATACCCTGGTAGTCCACGCTGTAAACGATGGGTGCTAGATGTTGGGGTGCATGCACCTCAGTGTCGCAGCTAACGCGTTAAGCACCCCGCCTGGGGAGTACGGCCGCAAGGTTA
e22feeef9657b9c00d4f37cd7ac309bc	7	0	D_0__Bacteria	TACGTAGGGTGCAAGCGTTGTCCGGATTTACTGGGCGTAAAGGGCGCGCAGGCGGCTTGTTAAGTTACTCGTGAAAGCCCCCGGCTAAACCGGGGAGGGTCGAGTGATACTGGCAGGCTAAGAGAGCAGCAGAGGATAGTGGAATTCCCGGTGTAGTGGTGAAATGCGTAGATATCGGGAGGAACACCAGTGGCGAAAGCGACTATCTGGGCTGTGTCTGACGCTGAGGCGCGAAGGCTAGGGGAGCAAACAGGATTAGATACCCTGGTAGTCCACGCCGTAAACGATGATCACTCGATGTTGGCGATACACTGTCAGCGTCTGAGCGAAAGCATTAAGTGATCCACCTGGGGAGTACGACGGCAACGTTG
88a6a139167fb3a8568502a9b12d752c	7	0	D_0__Bacteria;D_1__Bacteroidetes;D_2__Ignavibacteria;D_3__SJA-28;D_4__uncultured Chlorobi bacterium;D_5__uncultured Chlorobi bacterium;D_6__uncultured Chlorobi bacterium	TACGTAGGGGGCAAGCGTTGTCCGGATTTACTGGGTGTAAAGGGTGCTCAGGCGGATTTATAAGTCAGTGGTGAAATCCCGGAGCTTAACTCCGGAACTGCCATTGATACTGTAAGTCTCGAGTTTGGAAGAGGTAGATGGAATATCTGGTGTAGCAGTGAAATGCGTAGATATCAGATAGAACACCAATGGCGAAGGCAGTCTACTGGTCCAATACTGACGCTAAAGCACGAAAGTGTGGGTAGCAAACAGGATTAGATACCCTGGTAGTCCACACCCTAAACGATGAATACTAGACGTTGGTCCTTTTAAGGATCAGTGTCTGAGCTAACGCATTAAGTATTCCACCTGGGAAGTACGATCGCAAGGTTG
349d89e060b610fecc51b2c8b2caa864	0	7	D_0__Bacteria;D_1__Bacteroidetes;D_2__Ignavibacteria;D_3__SJA-28;D_4__uncultured Chlorobi bacterium;D_5__uncultured Chlorobi bacterium;D_6__uncultured Chlorobi bacterium	TACGTAGGGGGCAAGCGTTGTCCGGATTTACTGGGTGTAAAGGGTGCTCAGGCGGATCTATAAGTCAGTGGTGAAATCCCGGAGCTTAACTCCGGAACTGCCATTGATACTGTAGGTCTCGAGTTTGGAAGAGGTAGATGGAATATCTGGTGTAGCAGTGAAATGCGTAGATATCAGATAGAACACCAATGGCGAAGGCAGTCTACTGGTCCAATACTGACGCTAAAGCACGAAAGTGTGGGTAGCAAACAGGATTAGATACCCTGGTAGTCCACACCCTAAACGATGAATACTAGACGTTGGTCCTTTTAAGGATCAGTGTCTGAGCTAACGCATTAAGTATTCCACCTGGGAAGTACGATCGCAAGGTTG
88c0497e52b9c27021148d4d5cf4e2b2	0	7	D_0__Bacteria;D_1__Bacteroidetes;D_2__Bacteroidia;D_3__Sphingobacteriales;D_4__uncultured;D_5__uncultured bacterium;D_6__uncultured bacterium	TACGGAGGATGCAAGCGTTATCCGGATTTATTGGGTTTAAAGGGTGCGCAGGCGGGGCTATAAGTCAGCGGTGAAATCCTACGGCTTAACTGTAGAATTGCCATTGATACTGTAGTCCTTGAGTGCAGGTGAAGAGGGCGGAATGTGTTGTGTAGCGGTGAAATGCTTAGATATAACACAGAACGCCAATTGCGAAGGCAGCTCTCTAAACTGCAACTGACGCTCAGGCACGAAAGCGTGGGGATCAAACAGGATTAGATACCCTGGTAGTCCACGCCCTAAACGATGATTACTGGATGTTAGCGATAAACTGTTAGCGTCTAAGCGAAAGCATTAAGTAATCCACCTGGGGAGTACGGCCGCAAGGCTG
52d142f73835604173d0e810ec741b5b	0	7	D_0__Bacteria;D_1__Fusobacteria;D_2__Fusobacteriia;D_3__Fusobacteriales;D_4__Leptotrichiaceae;D_5__uncultured;D_6__uncultured bacterium	GACGTGAGTGGCAAGCGTTATCCGGAATTACTGGGCGTAAAGAGCGCGTAGGCGGTCTTGAAAGTCAGAGGTGAAAAGTCAGGGCTTAACCTTGGCCTTGCCTTTGAAACTTCAAGACTAGAGTGTTGGATAGGAGGGAAGAACTACCAGTGTAGCGGTGGAATGCGTAGATATTGGTAGGAACGCCGATGACGAAGGTATCTCTCTGGACAAAGACTGACGCTGAGGTGCGAGAGCTAGGGGAGCAAACAGGATTAGATACCCTGGTAGTCCTAGCTGTAAACGATGGTTACTGGGTGTGGGCAATAGTATTGTCTGTGCCGAAGCTAACGCGATAAGTAACCCGCCTGGGGAGTACGGCCGCAAGGTTG
10ed544921cc2d94964e977a29e73844	6	0	D_0__Bacteria;D_1__Bacteroidetes;D_2__Ignavibacteria;D_3__SJA-28;D_4__uncultured bacterium;D_5__uncultured bacterium;D_6__uncultured bacterium	TACGTAGGGGGCAAGCGTTGTCCGGATTTACTGGGTATAAAGGGTGCTCAGGCGGATTTGTAAGTCAGTGGTGAAATCTCACAGCTTAACTGTGAAACTGCCTCTGATACTGCAAGTCTAGAGTTCAGAAGAGGATGATGGAATATCTGGTGTAGCAGTGAAATGCGTAGATATCAGATAGAACACCAATGGCGAAGGCAGTCATCTGGTCTGTAACTGACGCTAAAGCACGAAAGCGTGGGTAGCAAACAGGATTAGATACCCTGGTAGTCCACGCCCTAAACGATGAGTACTAGACGTTGGGAGCATTAGCTTTCAGTGTCACAGCAAACGCATTAAGTACTCCACCTGGGAAGTACGATCGCAAGGTTG
22486f50337230a3f88f284e307612e7	0	6	D_0__Bacteria;D_1__Spirochaetes;D_2__Spirochaetia;D_3__Spirochaetales;D_4__Spirochaetaceae;D_5__uncultured;Ambiguous_taxa	CACGTAGGGGGCAAGCGTTGTTCGGAATTACTGGGCGTAAAGGGCATGTAGGCGGCCTTGTAAGCCTGGCGTGAAAGTCCACAGCTTAACTGTGGGATTGCGTTGGGAACTGTGAGGCTTGAGTCACGGAGAGGGAGCTAGAATTCCTGGTGTAGGGGTGAAATCTGTAGAGATCAGGAAGAATACCAATGGCGAAGGCAAGCTCCTGGCCGATGACTGACGCTGAGGTGCGAAAGTGTGGGGATCAAACAGGATTAGATACCCTGGTAGTCCACACTGTAAACGATGCACACTAGGTGCTGGGGCGGATGCCTCAGTGCCGGAGCTAACGCGGTAAGTGTGCCGCCTGGGGAGTATGCTCGCAAGGGTG
88f720015d083381c42359d52e3a2678	0	6	D_0__Bacteria;D_1__Proteobacteria;D_2__Deltaproteobacteria;D_3__Desulfuromonadales;Ambiguous_taxa;Ambiguous_taxa;Ambiguous_taxa	TACGGGGGGTGCAAGCGTTGTTCGGAATTATTGGGCGTAAAGCGCGTGTAGGCGGTTTGTTAAGTCTGATGTGAAAGCCCTGGGCTCAACCCAGGAAGTGCATTGGATACTGGCAGACTTGAATACGGGAGAGGGTAGTGGAATTCCTGGTGTAGGAGTGAAATCCGTAGATATCAGGAGGAACACCGGTGGCGAAGGCGGCTACCTGGACCGATATTGACGCTGAGACGCGAAAGCGTGGGTAGCAAACAGGATTAGATACCCTGGTAGTCCACGCCCTAAACGATGTCTACTAGTTGTCGGGTCTTAATTGACTTGGTAACGCAGCTAACGCGTGAAGTAGACCGCCTGGGGAGTACGGTCGCAAGATTA
233ea48e84c691105307685ae56d13b3	5	0	D_0__Bacteria;D_1__Proteobacteria;D_2__Gammaproteobacteria;D_3__Betaproteobacteriales;D_4__Rhodocyclaceae	TACGTAGGGTGCGAGCGTTAATCGGAATTACTGGGCGTAAAGCGTGCGCAGGCGGTTTTGTAAGACAGATGTGAAATCCCCGGGCTCAACCTGGGAACTGCGTTTGTGACTGCAAGACTTGAGTGTGGCAGAGGGGGGTGGAATTCCACGTGTAGCAGTGAAATGCGTAGAGATGTGGAGGAACACCGATGGCGAAGGCAGCCCCCTGGGTCAACACTGACGCTCATGCACGAAAGCGTGGGTAACAAACAGGATTAGATACCCTGGTAGTCCACGCTGTAAACGATGATTACTCGATGTTGGCGATACACAGTCAGCGTCTGAACGAAAGTATTAAGTAATCCACCTGGGGAGTACGTTCGCAAGGATG
ff7479a993b4b9453af839dd48e9ee6c	5	0	D_0__Bacteria	TACGTAGGGTGCAAGCGTTGTCCGGATTTACTGGGCGTAAAGGGCGCGCAGGCGGCTTGTTAAGTTACTCGTGAAAGCCCCCGGCTAAACCGGGGAGGGTCGAGTGATACTGGCAGGCTAAGAGAGCAGCAGAGGATAGTGGAATTCCCGGTGTAGTGGTGAAATGCGTAGATATCGGGAGGAACACCAGTGGCGAAAGCGACTATCTGGGCTGTGTCTGACGCTGAGGCGCGAAGGCTAGGGGAGCAAACAGGATTAGATACCCTGGTAGTCCACGCCCTAAACGATGTCAACTAGATGTTGGAAGGGTTAAACCTTTTAGTGTCGTAGCTAACGCGTGAAGTTGACCGCCTGGGGAGTACGGCCGCAAGGCTA
15c0596ff7570185ff378e6d62f4e550	0	5	D_0__Bacteria;D_1__Bacteroidetes;D_2__Ignavibacteria;D_3__Ignavibacteriales;D_4__Ignavibacteriaceae;D_5__Ignavibacterium;D_6__uncultured bacterium	TACGTAGGGGGCAAGCGTTGTCCGGATTTACTGGGTGTAAAGGGCGCGTAGGCGGGCTCATAAGTCAGAGGTGAAATCCCACAGCTTAACTGTGGAACTGCCTTTGATACTGTGAGTCTTGAGTTCAGAAGAGAGAGATGGAATTCCAGGTGTAGTGGTGAAATACGTAGATATCTGGAAGAACACCAGTTGCGAAGGCGATCTCTTGGTCTGACACTGACGCTGAGGCGCGAAAGCGTGGGGAGCAAACAGGATTAGATACCCTGGTAGTCCACGCTGTAAACGATGAATACTAGGTGTTGGGATGAAAGTCTCAGTGCCGCAGTTAACGCATTAAGTATTCCACCTGGGGAGTACGATCGCAAGGTTG
3bb501c226bdb45bf855b164004bcbe6	0	5	D_0__Bacteria;D_1__Proteobacteria;D_2__Gammaproteobacteria;D_3__Betaproteobacteriales;D_4__Burkholderiaceae;D_5__Bordetella;Ambiguous_taxa	TACGTAGGGTGCAAGCGTTAATCGGAATTACTGGGCGTAAAGCGTGCGCAGGCGGTTCGGAAAGAAGGATGTGAAATCCCAGGGCTTAACCTTGGAACTGCATTCTTAACTACCGGGCTAGAGTGTGTCAGAGGGAGGTGGAATTCCGCGTGTAGCAGTGAAATGCGTAGATATGCGGAGGAACACCGATGGCGAAGGCAGCCTCCTGGGACAACACTGACGCTCATGCACGAAAGCGTGGGGAGCAAACAGGATTAGATACCCTGGTAGTCCACGCCCTAAACGATGTCAACTAGCTGTTGGGGCCTTCGGGCTTTAGTAGCGCAGCTAACGCGTGAAGTTGACCGCCTGGGGAGTACGGTCGCAAGATTA
f0b70fc82e9559b2f777b66bb1eeb009	0	5	D_0__Bacteria;D_1__Bacteroidetes;D_2__Ignavibacteria;D_3__Kryptoniales;D_4__MSB-3C8;D_5__metagenome;D_6__metagenome	TACGTAGGAGGCGAGCGTTGTCCGGATTTACTGGGTGTAAAGGGTCCGCAGGCGGGCTTTTAAGTCGGTGGTGAAATACTTCAGCTTAACTGAAGAACTGCCTCCGATACTGAAAGTCTTGAATATAGGAGAGGGCAATGGAATTCCAGGTGTAGCGGTGAAATGCTTAGATATCTGGAAGAACACCGGTTGCGAAGGCTGTTGCCTGGCCTATTATTGACGCTCATGGACGAAAGCGTGGGGATCAAACAGGATTAGATACCCTGGTAGTCCACGCCCTAAACGATGGATACTCGGTGTTGGCCCGCAAGGGTCGGTGCCTAAGCTAACGCAGTAAGTATCCCACCTGGGAAGTACGATCGCAAGGTTG
3f9e52a7f3023c9cbeb7ddff3c35b92e	0	5	D_0__Bacteria;D_1__Bacteroidetes;D_2__Bacteroidia;D_3__Sphingobacteriales	TACGGAGGATCCAAGCGTTATCCGGATTCATTGGGTTTAAAGGGTGCGAAGGCGGACTTGTAAGTCAGTGGTGAAATCCTACGGCTCAACTGTAGAACTGCCATTGATACTGCAAGCCTTGAGTATAGTTGAAGTGGTTGGAATGTATCATGTAGCGGTGAAATGCTTAGATATGATACAGAACACCGATTGCGAAGGCAGATCACTAAGCTATAACTGACGCTCATGCACGAAAGCGTGGGGATCAAACAGGATTAGATACCCTGGTAGTCCACGCCCTAAACGATGATTACTCGATGTTGGCGATATACAGTCAGCGTCTGAGCGAAAGCATTAAGTAATCCACCTGGGGAGTACGATCGCAAGGTTG
21b3d4918ee095c11b6b5772e62d4937	4	0	D_0__Bacteria;D_1__Verrucomicrobia;D_2__Verrucomicrobiae;D_3__Pedosphaerales;D_4__Pedosphaeraceae	TACGTAGGGTGCAAGCGTTGTCCGGATTTACTGGGCGTAAAGGGTGCGTAGGTGGTCATTAAAGTTTGGTGTGAAATCTCCGGGCTTAACTCGGAAAGTGCATTAAATACTGAATGGCTGGAGGGTTGGAGGGGAGACTGGAATTCTCGGTGTAGCAGTGAAATGCGTAGATATCGAGAGGAACACCAGTGGCGAAGGCGAGTCTCTGGACAACACCTGACACTGAGGCACGAAAGCTAGGGGAGCAAACAGGATTAGATACCCTGGTAGTCCTAGCCCTAAACTGTGCATATTTGCTGTGAGAGGATTCGACCCCTTTCGTGGCGAAGCTAACGCGTTAAATATGCCGCCTGGGGAGTACGGTCGCAAGATTA
521be428a47a110a2298d58169e65309	0	4	D_0__Bacteria;D_1__Patescibacteria;D_2__Microgenomatia;D_3__Candidatus Shapirobacteria;D_4__uncultured bacterium;D_5__uncultured bacterium;D_6__uncultured bacterium	TACGTAGGTCACAAGCGTTACCCGGTTTTATTGGGCGTAAAGCGTCTGTAGGTGGTTTTATAAGTCTTGTTTCAAAGACTCCGGCTCAACCGGAGGCAGGGGCAGGATACTGTAGAACTAGAGTGATATCGGGGTTACTGGAATTTGTAGTGTAGGGGTAAAATCCGTGGATACTACAAAGAACACCAAGCGCGAAGGCGGGTAACCAGGTATATACTGACACTCAGAGACGAAAGCTAGGGTAGCCAATCAGATTAGAGACCTGAGTAGTCCTAGCTGTAAACGCTGTATGTTAATTCTCTGTAATTTATTATGGGGGATGTAAGCTAACGCGTTAAACATACCGCCTGGGGAGTATAGCCGCAAGGCCG
2c0bbdde4f73e74c313f3057ed40ef8a	0	4	D_0__Bacteria;D_1__Kiritimatiellaeota;D_2__Kiritimatiellae;D_3__WCHB1-41;Ambiguous_taxa;Ambiguous_taxa;Ambiguous_taxa	TACAGAGGTGGCAAGCGTTGTTCGGATTTACTGGGCGTAAAGGGTGCGTAGGCGGTCTCATGTGTCGGATGTGAAATCCCACGGATTATCTGTGGAACTGCATTCGAAACTGTGGGGCTTGAGTGTCGGAGAGGTGGGCGGAATTCACGGTGTAGCGGTGAAATGCGTTGATATCGTGAAGAACGCCGGAGGCGAAGGCGGCCCACTGGACGACAACTGACGCTGAGGCACGAAAGATGGGGGAGCAAACAGGATTAGATACCCTGGTAGTCCCATCCGTAAACGGTGTGCACTTGGTGTAGGAGGAATTATCCCCTTCTGTGCCGGAGCTAACGCGTTAAGTGCACCGCCTGGGGAGTACGGTCGCAAGATTA
72eafb35c5afb944430409bb4b750e64	0	4	D_0__Bacteria;D_1__Verrucomicrobia;D_2__Verrucomicrobiae;D_3__Chthoniobacterales;D_4__Terrimicrobiaceae;D_5__FukuN18 freshwater group;D_6__metagenome	TACGTAGGATGCAAGCGTTGTCCGGAATTATTGGGCGTAAAGGGCGTGCAGGCGGTCTACTAAGTTAGACGTGAAATTCCCCGGCTTAACCGGGGCGGGTCGTCTAAAACTGGTAAACTAGAGTACAGGAGAGGAAAGCGGAATTCCCGGTGTAGTGGTGAAATGCGTAGATATCGTGAGGAAGACCAGTGGCGAAGGCGAATCTCTGGGCAGTTCCTGACGCTCATGCACGAAGGCCAGGGGAGCAAACGGGATTAGATACCCCGGTAGTCCTGGCAGTAAACGGTACGTTTGGTGTGGGAGGATTCGACCCCTTCCGTGCCGGAGCTAACGCGTTAAACGTGCCGCCTGGGAAGTACGGTCGCAAGATTA
e2b14661bf4801160abec15eac9b4808	0	4	D_0__Bacteria;D_1__Chloroflexi;D_2__Chloroflexia;D_3__Chloroflexales;D_4__Chloroflexaceae;D_5__Oscillochloris	GACGGAGGGGGCAAGCGTTGTCCGGACTCACTGGGCGTAAAGAGCACGTAGGTGGTGGTCTGCGTCGGTGCTGAAAGCGCCAGGCTTAACCTGGCGAGGCGTGCCGATACGAGACAACTAGAGGCAGGCAGAGGGTGGCGGAATTCCGGGTGTAGTGGTGAAATGCGTAGAGATCCGGAGGAACGCCTGTGGCGAAAGCGGCCACCTGGGCCTGACCTGACACTGAGGTGCGAAAGCGTGGGGAGCGAACCGGATTAGATACCCGGGTAGTCCACGCGGTAAACGATGCCAGCTCGGTGTCTGACCCCGTTACGGGGTTGGGTGCCTCAGCTCACGCGGTAAGCTGGCCGCCTGGGGACTACGAGCGCAAGCTTA
ea392cf57545797d334a11b1cf95af80	0	4	D_0__Bacteria;D_1__Bacteroidetes;D_2__Bacteroidia;D_3__Sphingobacteriales;D_4__Lentimicrobiaceae	TACGGAGGATCCAAGCGTTATCCGGATTTATTGGGTTTAAAGGGTGCGCAGGCGGAATGATTAGTCAGTGGTGAAATCCTACGGCTCAACTGTAGAACTGCCATTGATACTGTCATTCTTGAGTATAATTGATGTGGGCGGAATGTGTCATGTAGCGGTGAAATGCTTAGATATGACACAGAACACCGATCGCGAAGGCAGCTCACAAAGCTATAACTGACGCTCAGGCACGAAAGCGTGGGGATCAAACAGGATTAGATACCCTGGTAGTCCACGCCGTAAACGATGATTACTCGATGTTGGCGATACACTGTCAGCGTCTGAACGAAAGTATTAAGTAATCCACCTGGGGAGTACGGTCGCAAGACTG
127c04cefc0f9ae363421df4ad32946c	3	0	D_0__Bacteria;D_1__Verrucomicrobia;D_2__Verrucomicrobiae;D_3__B29;D_4__uncultured bacterium;D_5__uncultured bacterium;D_6__uncultured bacterium	TTCAGAGACGGCAAGCGTTGTTCGGATTCACTGGGCGTAAAGGGTCCGCAGGTGGCAAAGCAAGTCTGACGTGAAATCCCGCGGCTTAACCGCGGAACTGCGTCGGATACTGCCTTGCTAGAGGACGGCAGAGGAGACTGGAATTCACGGTGTAGCGGTGAAATGCGTAGATATCGTGAGGAACACCGGTGGCGAAGGCGAGTCTCTGGACCGTTCCTGACACTCAGGGACGAAAGCGTGGGGAGCAAACGGGATTAGATACCCCGGTAGTCCACGCCCTAAACCGTGCTCACTTGGTGTGGGAGGATTCGACCCCTTCCGTGCCGTAGCTAACGCGTTAAGTGAGCCGCCTGGGGAGTACGGCCGCAAGGTTA
987996e5f247233a7d78cb420fb77209	0	3	D_0__Bacteria;D_1__Cyanobacteria;D_2__Oxyphotobacteria;D_3__Chloroplast;D_4__Ettlia oleoabundans;D_5__Ettlia oleoabundans;D_6__Ettlia oleoabundans	GACAGAGGATGCAAGCGTTATCCGGAATGATTGGGCGTAAAGCGTCTGTAGGTGGTTTGAAAAGTCTCCTGTCAAAGATCAGGGCTTAACCCTGGGCCGGCAGGAGAAACTCTCAGGCTAGAGTCTGGTAGGGGCAGAGGGAATTCCCGGTGGAGCGGTGAAATGCGTAGAGATCGGGAGGAACACCAAAGGCGAAAGCACTCTGCTGGGCCATGACTGACACTGAGAGATGAAAGTCAGGGGAGCGAAGAGGATTAGATACCCTCGTAGTCCTGACCGTAAACGATGGATACTAAGTGCTGGCAAAACCAGTGCTGTAGCAAACGCGTTAAGTATCCCGCCTGGGGAGTATGCTCGCAAGAGTG
45b94fbcc3d84acb489cd8fd941708d0	2	0	D_0__Bacteria;D_1__Bacteroidetes;D_2__Bacteroidia;D_3__Sphingobacteriales;D_4__Lentimicrobiaceae	TACGGAGGATCCAAGCGTTATCCGGATTCATTGGGTTTAAAGGGTGCGCAGGCGGAAAGATAAGTCAGAGGTGAAATCCCACGGCTCAACTGTGGAACTGCCTTTGATACTGTCATTCTAGAGTATAGTTGGAGTGGGCGGAATGTAGCATGTAGCGGTGAAATGCTTAGATATGCTACAGAACACCGATCGTGAAGACAGCTCACTAAGCTATAACTGACGCTCATGCACGAAAGCGTGGGGATCAAACAGGATTAGATACCCTGGTAGTCCACGCCGTAAACGATGATCACTCGATGTTGGCGATACACTGTCAGCGTCTGAGCGAAAGCATTAAGTGATCCACCTGGGGAGTACGACGGCAACGTTG
1be07bee9b673e8ce100053ff0054134	2	0	D_0__Bacteria;D_1__Bacteroidetes;D_2__Bacteroidia;D_3__Chitinophagales;D_4__Chitinophagaceae;D_5__Sediminibacterium;Ambiguous_taxa	TACGGAGGATGCAAGCGTTATCCGGATTCATTGGGTTTAAAGGGTGCGCAGGCGAAGTGATAAGTCAGTGGTGAAATCCTGGAGCTCAACTCCAGAACTGCCATTGATACTATTTATCTTGAATATTGTGGAGGTAAGCGGAATATGTCATGTAGCGGTGAAATGCTTAGATATGACATAGAACACCTATTGCGAAGGCAGCTTACTACGCATATATTGACGCTGAGGCACGAAAGCGTGGGGATCAAACAGGATTAGATACCCTGGTAGTCCACGCCCTAAACTATGATTACTCGACATTTGTGATACACAATAAGTGTCTGAGCGAAAGCATTAAGTAATCCACCTGGGAAGTACGTCCGCAAGGATG
61d7da7f0be7abde7cf100cd29b7eef9	2	0	D_0__Bacteria;D_1__Verrucomicrobia;D_2__Verrucomicrobiae;D_3__Pedosphaerales;D_4__Pedosphaeraceae;D_5__ADurb.Bin063-1	TACAGAGGTCCCAAGCGTTGTTCGGATTCACTGGGCGTAAAGGGTGCGTAGGTGGTGGAGTAAGTCGGATGTGAAAGCTCGGAGCTCAACTCCGAAATGGCATTGGAAACTACTCCGCTTGAGGTTCGGAGGGGGGACTGGAATTCTCGGTGTAGCAGTGAAATGCGTAGATATCGAGAGGAACACCAGTGGCGAAGGCGAGTCCCTGGACGACACCTGACACTGAGGCACGAAAGCTAGGGGAGCAAACAGGATTAGATACCCTGGTAGTCCTAGCAGTAAACGATGAACACTAGGTGTGCGGGGAAATTGACCCCCTGCGTGCCGTAGCTAACGCAATAAGTGTTCCGCCTGGGGAGTACGGTCGCAAGATTA
949ec5c18d0f9b85bd25fbb7b75d0bf1	2	0	D_0__Bacteria;D_1__Elusimicrobia;D_2__Lineage IIb;D_3__uncultured bacterium;D_4__uncultured bacterium;D_5__uncultured bacterium;D_6__uncultured bacterium	TACGAAGGTGGCAAGCGTTACTCGGAATTACTAGGCGTAAAGGGCAGGTAGGTGGTTTGATAAGTCTGTTGTGTAAGCTCCCGGCTTAACTGGGAGAGGTCAACAGAAACTGTCGGACTTGAGTATAGGAGAGGGTACTGGAATTCCCGGTGTAGCGGTGAAATGCGCAGAGATCGGGAGGAACACCAATGGCGAAAGCAGGTACCTGGACTATTACTGACACTCAGCTGCGAAAGCTAGGGGAGCAAACAGGATTAGATACCCTGGTAGTCCTAGCTGTAAACGATGCACATTAGACGTGAGGGGTATCGACCCCCTTCGTGTCGACGCTAACGCATTAAATGTGCCGCCTGGGGAGTACGGCCGCAAGGTTG
22ff802a65d4c0e31fab2b2e5c0bb25c	0	2	D_0__Bacteria;D_1__Bacteroidetes;D_2__Ignavibacteria;D_3__Kryptoniales;D_4__BSV26;Ambiguous_taxa;Ambiguous_taxa	TACGTAGGATCCAAGCGTTGTCCGGATTTACTGGGTGTAAAGGGCGTGTAGGTGGGTTTTTAAGTCGGTGGTGAAATCCTGCGGCTCAACCGCAGAACTGCCATCGATACTGAAAATCTTGAGTTCGGCAGAGGGAGATGGAATTCATGGTGTAGCGGTGAAATGTGTAGATATCATGAAGAACACCGGTAGCGAAGGCGGTCTCCTGGTCCGATACTGACACTGAGGCGCGAAAGCGTGGGGAGCAAACAGGATTAGATACCCTGGTAGTCCACGCTGTAAACGATGAATACTAGGTGTCGGGTAGCAATACTCGGCGCCGCAGCTAACGCATTAAGTATTCCACCTGGGAAGTACGATCGCAAGGTTG
da48c0cb4ad8183e48bc673cd17af695	0	2	D_0__Bacteria;D_1__Proteobacteria;D_2__Deltaproteobacteria;D_3__Myxococcales;D_4__P3OB-42	TACAGAGGGTGCAAGCGTTGTTCGGAATTATTGGGCGTAAAGCGCGTGTAGGCGGCTTGGCAAGTCAGATGTGAAAGCCCTCGGCTTAACCGAGGAAGTGCGTCTGAAACTGCTGAGCTTGAGTGTCGGAGAGGATGGCGGAATTCCGCAAGTAGAGGTGAAATTCGTAGATATGCGGAGGAACACCGGTGGCGAAGGCGGCCATCTGGACGACTACTGACGCTGAGACGCGAAAGCGTGGGGAGCAAACAGGATTAGATACCCTGGTAGTCCACGCTATAAACGATGAGAACTAGATGTCGTGGGTGTTGACCCCCGCGGTGCCGCAGCTAACGCATTAAGTTCTCCGCCTGGGAAATACGGCCGCAAGGCTA
55f8a7c4586feeabc29439c08037cb10	0	2	D_0__Bacteria;D_1__Bacteroidetes;D_2__Ignavibacteria;D_3__Ignavibacteriales;D_4__SM1H02	TACGTAGGGTGCAAGCGTTGTCCGGATTTACTGGGTGTAAAGGGCGCGCAGGCGGACTAATAAGTCATTGGTGAAATCTTTCCGCTTAACGGAAAAACTGCCTCTGATACTATTAGTCTTGAGTACGGTAGAGGAAGACGGAATTCCAGGTGTAGCGGTGAAATGCGTAGATATCTGGAAGAACACCAGTTGCGAAGGCGGTCTTCTGGCCCGTTTACTGACGCTCAGGCGCGAAAGCGTGGGTAGCAAACAGGATTAGATACCCTGGTAGTCCACGCTGTAAACTATGGATACTAGATGTTGGTCTGTATGGATCAGTGTCGTAGCTAACGCGTTAAGTATCCCACCTGGGAAGTACGATCGCAAGGTTG
3c664fba1d1e4738d311cc3847dabbfd	0	2	D_0__Bacteria;D_1__Bacteroidetes;D_2__Ignavibacteria;D_3__SJA-28;D_4__uncultured Chlorobi bacterium;D_5__uncultured Chlorobi bacterium;D_6__uncultured Chlorobi bacterium	TACGAAGGGGGCTAGCGTTGCTCGGAATCACTGGGCGTAAAGCGCACGTAGGCGGCTTTCTAAGTCAGTGGTGAAATCCCGGAGCTTAACTCCGGAACTGCCATTGATACTGTAGGTCTCGAGTTTGGAAGAGGTAGATGGAATATCTGGTGTAGCAGTGAAATGCGTAGATATCAGATAGAACACCAATGGCGAAGGCAGTCTACTGGTCCAATACTGACGCTAAAGCACGAAAGTGTGGGTAGCAAACAGGATTAGATACCCTGGTAGTCCACGCTGTAAACGATGAATACTAGGTGTTGGGATGAAAGTCTCAGTGCCGCAGTTAACGCATTAAGTATTCCACCTGGGGAGTACGATCGCAAGGTTG
